pickup_lat,pickup_lng,dropoff_lat,dropoff_lng,order_hour,day_of_week,distance_km,delivery_duration_mins
12.966581604753895,77.6126285722564,12.980879757672456,77.59854633936789,14,2,2.2,5.2
12.953923344486729,77.609247045831,12.975644600469728,77.60292290311185,15,3,2.51,5.0
12.984897705632017,77.58309356442713,12.958872998688285,77.58193618039414,7,6,2.9,5.77
12.968877800745686,77.58624916560792,12.976074115788895,77.58017975442608,5,5,1.04,5.0
12.969842799368681,77.60600703845572,12.959586951286335,77.59516937753655,3,1,1.64,5.7
12.975901794076059,77.5814209649475,12.954202063719412,77.61255542149013,16,6,4.15,10.16
12.963784550766935,77.57850688456026,12.978969321060486,77.59220609974959,5,4,2.25,5.0
12.952975540844609,77.61097281608315,12.961951199264002,77.60110089137416,4,4,1.46,5.0
12.973468411173732,77.58199417822102,12.990383385110583,77.60560531293444,10,0,3.18,7.33
12.975515999152444,77.61147496940093,12.955139700082077,77.58243931449677,7,4,3.88,7.3
12.967147091587579,77.58545396127096,12.984749500366078,77.58887013306774,18,3,1.99,5.0
12.957236968998991,77.60668787923017,12.954582025747191,77.61407547746403,11,3,0.85,5.0
12.951820884684945,77.60721845713819,12.979874293753905,77.60376028672164,12,5,3.14,11.76
12.965938629141771,77.579234762381,12.986124137035024,77.59953192507311,2,4,3.14,9.14
12.964039292868627,77.58760733288106,12.980784247133522,77.60010229885421,13,5,2.3,6.67
12.956383769837533,77.60312979148893,12.982031401944676,77.59705108790278,17,3,2.93,7.87
12.97250931317528,77.59170164073434,12.952616765069765,77.57891565707973,6,3,2.61,5.0
12.964174239243054,77.59494282764659,12.987902658957044,77.58457168916595,17,5,2.87,5.33
12.960751926619665,77.57767919639315,12.96319005811655,77.58104885149017,18,1,0.45,5.0
12.976936150260418,77.6094584236075,12.983746883075964,77.58206280235544,8,5,3.06,8.51
12.983897606206563,77.61044365199695,12.964320138998875,77.57900207698111,5,0,4.04,8.16
12.9843205906369,77.60902922333025,12.951878085221248,77.5950298921031,18,1,3.91,10.49
12.956394614693348,77.58810460685615,12.989316388156501,77.58752811728083,2,6,3.66,7.5
12.966145184095172,77.61347128330884,12.990097891797685,77.58467129183302,10,3,4.1,10.86
12.9629936197751,77.57607547789418,12.975982573359197,77.59470716092916,12,3,2.48,5.0
12.987930635438667,77.58418247562668,12.957395794883649,77.59417811041111,15,2,3.56,12.83
12.978485421896236,77.60506478461315,12.961105501759697,77.60372865394447,10,6,1.94,5.0
12.976941188430436,77.596030987363,12.955211590802177,77.60801209982357,9,1,2.74,7.11
12.953231005662191,77.59823571772753,12.978702574473692,77.57526351315711,11,4,3.77,10.68
12.977406911616379,77.5815746571602,12.979237509524099,77.59006941385202,14,2,0.94,5.0
12.965242654042012,77.57913894084962,12.988587744731143,77.60969357413524,15,2,4.21,7.46
12.984288888008049,77.59680803246398,12.97278602313424,77.58427409163602,13,4,1.87,5.0
12.987616722286534,77.59992405829092,12.965161191641949,77.5885683829845,21,5,2.78,5.76
12.987083456970606,77.60579502183431,12.977281265846171,77.5779655985998,15,1,3.21,5.0
12.975857162386385,77.57496788206467,12.955658861714642,77.60114007076432,9,0,3.62,7.51
12.973549351574665,77.6022758079077,12.977678450380104,77.58357077237842,11,2,2.08,6.54
12.964615987926372,77.60445965620472,12.977585315961889,77.60856893641977,8,3,1.51,5.0
12.955346990713124,77.58930863212238,12.96220809470727,77.58435958573516,0,6,0.93,5.0
12.987281862207086,77.59984554503988,12.983392452141667,77.59470548372421,15,0,0.71,5.0
12.959409719511923,77.60349808461046,12.962830894497635,77.57557263865726,8,4,3.05,9.73
12.989218343374118,77.6127571430801,12.98819457560882,77.58940634801021,22,3,2.53,5.0
12.968727365932693,77.61326619276174,12.99014479908357,77.60872037821869,17,6,2.43,5.3
12.985645466860674,77.58727688020625,12.958379709867444,77.59687205049833,2,1,3.21,8.25
12.974402446803575,77.57848705975083,12.976200289067966,77.61420215400418,12,0,3.88,6.88
12.986694922877119,77.60423074471016,12.979480629639811,77.60269936335949,13,2,0.82,5.0
12.983974446219142,77.60700453578717,12.986282892743205,77.61112962210225,19,2,0.52,5.0
12.983531807158672,77.60059855723111,12.979678675090309,77.60643170677744,9,5,0.76,5.0
12.966623318105599,77.57835927759363,12.974731205639847,77.57603769095186,3,0,0.94,5.0
12.963061650085132,77.59823333042276,12.952820009997563,77.57609392754996,15,5,2.66,8.06
12.956682420506075,77.59548973040219,12.982399742123945,77.58323284109987,10,5,3.15,10.77
12.953667268846745,77.59585418526272,12.973225404864404,77.60009719605993,13,2,2.22,5.0
12.972252013932048,77.58751825891765,12.983407447790748,77.58543329005049,16,5,1.26,5.0
12.952614029736619,77.61310593658712,12.985039204820488,77.60243896824375,13,4,3.79,10.52
12.957857481706844,77.58460971592659,12.973569066588245,77.603183836908,9,4,2.67,7.88
12.989794611226529,77.60411587666783,12.973774162100456,77.59906882984937,23,1,1.86,5.0
12.96583890714605,77.60491384441858,12.95217573954519,77.57924290562028,14,4,3.17,7.6
12.98581842336044,77.6027463143752,12.970566953163493,77.57851336642604,6,2,3.13,7.28
12.958528074796401,77.59195406596952,12.967540189375896,77.59923400392209,23,5,1.28,5.0
12.96658450458506,77.59963439662857,12.971725450343204,77.60885959364754,14,6,1.15,5.0
12.954422749896018,77.60029677112826,12.952660452421666,77.59803102325094,7,2,0.31,5.0
12.96712679704826,77.6003315287377,12.969930115619661,77.59642467157263,13,6,0.53,5.0
12.990047622552957,77.61081402567824,12.959431645391572,77.577374452035,22,4,4.97,12.75
12.955377718430238,77.60192027093666,12.95444754593841,77.58735902521175,3,4,1.58,6.45
12.984178739303557,77.58587419099094,12.956326593104867,77.60246948661457,17,4,3.58,7.1
12.981002841752156,77.6067392372154,12.962881382902852,77.58169758175119,18,4,3.38,7.44
12.991220205680028,77.59110470707645,12.966480723431712,77.60565651842968,8,1,3.17,5.12
12.98593651007372,77.591759761095,12.98163484271166,77.60478171496338,16,4,1.49,5.0
12.971810094897915,77.60765829864431,12.964401984041224,77.61042092913985,2,4,0.88,5.0
12.987815279056772,77.57825146707144,12.964372545503617,77.61260247868204,23,4,4.54,12.7
12.976873488486792,77.59253782087913,12.963328430867923,77.5877465818148,4,5,1.59,5.0
12.983263161749035,77.60618472571178,12.955248244121949,77.5943768121881,15,5,3.37,5.48
12.969261220054936,77.61010816731033,12.965636600502084,77.5792826806571,3,4,3.36,5.16
12.976328722532651,77.57864490704492,12.9549642722446,77.60263876525836,19,6,3.52,5.0
12.97984968908626,77.57785395122568,12.954993508563408,77.61406558314005,12,5,4.8,11.16
12.984111982690301,77.61248994309535,12.991040042552916,77.60473512741035,2,0,1.14,5.0
12.982685876637097,77.59693616998943,12.96856888036988,77.61085417540379,3,4,2.18,5.0
12.952054145790697,77.59334642567977,12.953852131027274,77.57935271665072,0,5,1.53,5.0
12.981441795170618,77.59793475060388,12.990086901938982,77.58959482318095,21,2,1.32,5.0
12.960543833540779,77.61312890157762,12.952086178987592,77.61339515306831,16,2,0.94,5.0
12.972708044363452,77.61431859184478,12.954551862589417,77.59675417137605,14,3,2.77,8.08
12.97677594552541,77.60242994755939,12.96978164259071,77.59970232320336,7,1,0.83,5.0
12.953417855213658,77.58583852758369,12.989616459363063,77.61021055135564,23,2,4.81,9.97
12.962695247319246,77.58212484638895,12.9701479361976,77.58873408912105,20,2,1.1,5.0
12.990575792306647,77.61404842977919,12.97952646856079,77.59604385465377,14,3,2.31,5.0
12.978989246902156,77.58110467757379,12.988037087379753,77.60750148971692,16,4,3.03,7.72
12.976136607837432,77.59132972145163,12.988909139334162,77.60924255558001,17,1,2.41,5.85
12.966658534675123,77.60702213323127,12.991091045172599,77.58061667564414,8,1,3.95,10.42
12.990396575912584,77.60828475692543,12.985133148188446,77.5933477263918,4,2,1.72,5.0
12.953855019866037,77.6091888950502,12.984116040365203,77.61458870693144,7,5,3.42,9.87
12.98235949660722,77.6123906291953,12.985585895627096,77.58449392406973,20,1,3.04,9.02
12.98976204109035,77.59884698537803,12.960745712220138,77.60146802737623,7,5,3.24,8.82
12.956142303687985,77.60146292782372,12.972412308036152,77.60549273566943,11,3,1.86,5.0
12.97367627355098,77.59703751886141,12.986666144106334,77.5907393146485,9,5,1.6,5.0
12.981805490226945,77.59941238205414,12.97976319072397,77.58311856646036,6,3,1.78,5.0
12.965623502352264,77.59819670747419,12.96728976180399,77.59209899688095,4,6,0.69,5.0
12.972159579566393,77.60594612050964,12.96746171129285,77.59948346800911,21,3,0.87,5.0
12.957482939237162,77.61166350500646,12.971284651723183,77.58492977553196,19,3,3.28,5.57
12.971304723759715,77.5877500644115,12.97693603417267,77.58420582475112,1,0,0.73,5.0
12.956721833558312,77.58067610774049,12.957153086905977,77.60023498979213,8,0,2.12,5.0
12.98747153639624,77.59355846561051,12.978302309540842,77.58149279484806,9,5,1.66,5.0
12.958357402522887,77.58574361356128,12.95868041937107,77.57814810135028,7,4,0.82,5.0
12.959853348736232,77.58917079444193,12.971736690834195,77.60221579314518,16,1,1.93,5.0
12.976716015579637,77.57787036127796,12.986543144964271,77.61143489602128,5,3,3.8,7.52
12.983848051191723,77.60453038761534,12.958980840774256,77.58297397293347,17,2,3.62,7.75
12.976330190861212,77.58935654558279,12.970101388645327,77.60449883752536,14,0,1.78,5.0
12.980133983435383,77.61040827350749,12.972067097684628,77.59588453941062,4,2,1.81,5.0
12.9729046906582,77.58429882014539,12.962369729237976,77.58969136652418,9,0,1.31,5.0
12.960057920279862,77.58769989408712,12.95639048527277,77.61022109122959,8,1,2.47,5.37
12.983166849544293,77.59453768795716,12.955076811523497,77.59608426167274,19,1,3.13,6.51
12.968866381849187,77.57970321211182,12.96295103623195,77.58912329185594,12,6,1.21,5.0
12.965843869035915,77.61406060995172,12.975830992774275,77.58408907166944,2,3,3.43,7.78
12.961438309135382,77.58102725493038,12.959062680962052,77.58600380674775,11,6,0.6,5.0
12.954809349826466,77.5955804555828,12.968015873079587,77.61389514467635,7,6,2.47,5.0
12.990378817331015,77.60922028503576,12.984282882837972,77.5849161130818,20,3,2.72,5.0
12.988775039565104,77.59687051572055,12.974464507578796,77.58579916374642,7,5,1.99,6.74
12.96454716945617,77.59161745754466,12.971904415147378,77.5842963892966,6,5,1.14,5.0
12.963145222129612,77.5978495288569,12.957774508610969,77.59384560407419,15,4,0.74,5.0
12.965064171127757,77.57997658707755,12.954134998818912,77.6141984092956,9,6,3.9,6.63
12.96178562619055,77.60186010888896,12.982009114395588,77.59842554962431,1,4,2.28,5.47
12.96555473066172,77.61178116576991,12.984824776311509,77.61320107642666,19,4,2.15,5.0
12.989133618272842,77.58184932264663,12.954259850694672,77.6042448259716,4,6,4.57,8.96
12.957190895065052,77.6064106924744,12.95966509280191,77.58114623771463,11,3,2.75,5.0
12.978207888827848,77.59552261699076,12.965953219364941,77.60968802163252,7,4,2.05,5.0
12.96916539634281,77.589677777177,12.970107191426784,77.58665511496656,22,5,0.34,5.0
12.960888507805873,77.61058298293098,12.96695564885493,77.59634211444455,8,5,1.68,5.0
12.956275921628334,77.61219328494454,12.976708322122857,77.58799622458628,4,6,3.47,5.21
12.976402910237141,77.59593844367905,12.987355703322038,77.60614388844898,9,6,1.65,5.0
12.96153956559258,77.6043578517029,12.952941297389431,77.59739558739486,8,0,1.22,5.0
12.965283269948637,77.60745029218688,12.956025269478209,77.60845809166938,8,5,1.04,5.0
12.983491814631183,77.58059669709395,12.960770055809306,77.60349010273572,21,2,3.54,8.44
12.979357937778685,77.5963089777339,12.961671962356279,77.58842783974016,9,0,2.14,5.0
12.974935671790645,77.59063405667055,12.970080232145765,77.61249133358447,13,6,2.43,5.0
12.97183554715538,77.59905816941739,12.952324407352835,77.60948495635776,11,1,2.45,6.81
12.979466032955076,77.61149997524709,12.979889545372536,77.58070156171657,2,2,3.34,7.5
12.968565226852096,77.60405776942498,12.988974680590761,77.61162274051627,5,0,2.41,7.25
12.990993647958494,77.60815592345784,12.956586507248131,77.6114336753047,0,3,3.84,10.69
12.975251017429798,77.5905601081548,12.953790465552881,77.58800788966583,2,6,2.4,9.77
12.964939966867647,77.59052674774364,12.973095824117518,77.61139422465651,5,6,2.44,5.66
12.98110004992439,77.5926887176356,12.960584192917599,77.59269758064531,11,5,2.28,5.23
12.97153471090958,77.59135701798019,12.988193836042724,77.58909575596466,23,1,1.87,5.0
12.952123778263534,77.60114149488066,12.958721438674791,77.61304281269878,12,2,1.48,5.0
12.955013986723147,77.61447497007384,12.97168780041325,77.5984154006928,21,4,2.54,5.0
12.959996223723824,77.61052217157763,12.95980558561928,77.58222750882655,0,3,3.07,5.16
12.974193645330505,77.57722834557714,12.982621104667802,77.59273155338992,18,5,1.92,5.0
12.967630522435014,77.59698561325233,12.957809609837229,77.5818771252198,2,3,1.97,5.0
12.96653237265119,77.58542978692574,12.977359981729562,77.59094936684393,12,4,1.34,5.0
12.980238889153897,77.6009569576764,12.95268383970014,77.58347888647732,14,1,3.6,6.22
12.952388421510175,77.57876434327939,12.983596643414929,77.58174178648217,14,3,3.49,10.61
12.955577655710375,77.58432688763997,12.980490677274227,77.60882785872425,4,0,3.84,11.38
12.978323405462826,77.58279937181663,12.963325909210441,77.61045343274084,7,0,3.43,7.67
12.959915450205841,77.57566128815495,12.958857417403593,77.5979216624388,13,5,2.42,5.0
12.984297742469538,77.58827269406791,12.961976937337251,77.5897876963267,8,5,2.49,7.14
12.976565956313966,77.59097646608765,12.97368188723408,77.59204506116541,5,4,0.34,5.0
12.98214423176639,77.58020452703066,12.986338719035917,77.59409724792998,16,1,1.58,5.0
12.968608540178769,77.57549877233281,12.962347094375398,77.59626536858643,20,6,2.36,6.99
12.957174242962914,77.60799720947197,12.990976087228143,77.5956276072921,17,4,3.99,8.66
12.952335627061899,77.61117195226242,12.956310043315606,77.59766065902058,1,6,1.53,5.0
12.977656815534075,77.60778967214829,12.959856850870425,77.57503983314633,20,0,4.06,5.75
12.9865556031025,77.59849652408681,12.975620674417346,77.60120146698185,14,1,1.25,5.0
12.968350820995683,77.58992554112999,12.972356708211313,77.576478638671,14,1,1.52,5.0
12.954911946717006,77.59872608437865,12.961413964387253,77.59017182456168,7,4,1.18,5.0
12.98036183620737,77.58648486862492,12.974256185611877,77.59364201608797,18,5,1.03,5.0
12.98090288388841,77.58319761514363,12.952847325402452,77.58509056177199,11,2,3.13,10.85
12.97145464988805,77.59847371395668,12.964969755632678,77.60543648814983,0,1,1.04,5.0
12.980727550248144,77.59441965264824,12.97913609585711,77.59199309354415,8,4,0.32,5.0
12.98357663515876,77.60238785883418,12.9624858054892,77.59820922667477,4,0,2.39,6.91
12.98829254301849,77.58007274523676,12.989609494152832,77.59244023091831,22,0,1.35,5.0
12.986517833435057,77.60388899545639,12.983862445914458,77.60095133466842,9,0,0.43,5.0
12.961586720354369,77.59417699854572,12.960448377672785,77.61410672031987,9,1,2.16,9.12
12.979823006900627,77.61160993269662,12.958823013805095,77.5973178092221,15,4,2.8,11.71
12.979496810689874,77.5864939602949,12.988575847815062,77.61344232980662,16,4,3.09,9.19
12.986081706039572,77.6083819759414,12.96436401892973,77.60775661896602,13,6,2.42,5.0
12.960800353491509,77.57942267543109,12.954678128065169,77.60245155103513,21,4,2.59,5.0
12.954214253631958,77.58721161351322,12.973179651695014,77.60622892659356,23,4,2.95,5.57
12.987039109929448,77.59923452752729,12.960918378990145,77.57557603126226,10,6,3.87,16.04
12.986588066907368,77.59575748536109,12.989162707940517,77.60655132943094,8,4,1.2,5.0
12.982287531557246,77.59067723654437,12.970795024812157,77.59970021852874,1,3,1.61,5.0
12.98233093655458,77.59131067128669,12.968454280091084,77.60410329206356,10,3,2.07,5.42
12.96578488630563,77.58608955966616,12.96345232481824,77.583944310042,15,0,0.35,5.0
12.991108895589441,77.59171092534943,12.966973065886387,77.60178589130773,3,1,2.9,5.0
12.983053800576622,77.57817644009249,12.968303231031397,77.60976473230248,4,5,3.8,11.34
12.97613645556843,77.58128135784368,12.99124674504548,77.58386686805534,1,1,1.7,5.0
12.975909471795156,77.59510754044067,12.96082679246871,77.58166112128022,13,1,2.22,5.36
12.98278337894267,77.58860501036666,12.953913707062537,77.61336410520563,1,5,4.18,9.24
12.991396312905858,77.58155580996878,12.967449680756106,77.60492953902816,12,5,3.67,12.3
12.984233324999625,77.58357762287346,12.960552704592905,77.59607897691573,12,4,2.96,6.83
12.95525947349591,77.60969843450522,12.962224001703548,77.57978059685131,16,3,3.33,7.27
12.986085104690618,77.606980642989,12.977809679225562,77.59663429482437,1,3,1.45,5.0
12.966507540680492,77.58499015135041,12.980536804547544,77.59443502940314,4,5,1.87,5.0
12.978930350546385,77.57764523437962,12.985648276561951,77.59440586108056,14,6,1.96,5.0
12.984587238637006,77.58851236831609,12.978720646102364,77.59722927855984,19,5,1.15,5.0
12.983497040864277,77.60093807338633,12.98562326916377,77.60929176803839,21,6,0.94,5.0
12.979498858466771,77.60180563087042,12.976344455128608,77.60470866558231,21,5,0.47,5.0
12.98647374110981,77.57576989132139,12.984632670022592,77.57975479469894,21,4,0.48,5.0
12.958030395841933,77.60731868096477,12.98488536711831,77.59489870935043,16,6,3.28,6.14
12.97627707673503,77.6138474471211,12.976872541080667,77.58499214324257,7,0,3.13,7.58
12.982793815806046,77.57887922555308,12.982041116100081,77.59625066314705,20,0,1.88,6.21
12.976904875725358,77.6118811242204,12.955700389119627,77.61208913948946,17,2,2.36,8.49
12.963638542677874,77.6029268835458,12.95429402405875,77.59788681840705,21,3,1.17,5.0
12.953429681352501,77.6094614722461,12.990539558767097,77.61335511421143,3,3,4.15,14.59
12.98193052783716,77.57558347665835,12.95248494206116,77.58754440876598,2,1,3.52,6.81
12.97893181506426,77.59243610825507,12.962545066651266,77.61448498000631,22,0,3.0,6.82
12.958144952847666,77.60639238195,12.97934728903126,77.58343078451155,15,2,3.43,5.25
12.977780448571245,77.58553038107993,12.989634542490016,77.58064231567124,12,6,1.42,5.0
12.968389092677045,77.60014103790657,12.967503775918512,77.58556860809395,15,0,1.58,5.01
12.987363968147166,77.58379818423565,12.960124188161004,77.57584536331538,0,4,3.15,8.67
12.986174329993586,77.59352839626766,12.990327737116589,77.58202102062812,16,6,1.33,5.0
12.982436873785762,77.60839132912467,12.98204095963772,77.59964881286525,21,6,0.95,5.0
12.988433913912628,77.59926601258083,12.983461491639048,77.5938608940605,23,1,0.81,5.0
12.979022611489158,77.59181223579598,12.959620989068014,77.59426378186966,13,0,2.17,5.0
12.962359736177405,77.60650236402549,12.964014478356944,77.59280880596327,7,3,1.5,5.0
12.967299742256268,77.59379755338868,12.975600821924772,77.58626650314837,2,3,1.23,5.0
12.982794039555735,77.57618475301393,12.970820277890313,77.57879720713673,7,1,1.36,5.0
12.957299821716061,77.59455552613805,12.976326229372726,77.60269859882176,17,3,2.29,8.12
12.96465845232976,77.59530846573539,12.955114659965794,77.58862507724837,0,6,1.28,5.0
12.967476931048065,77.57990863016173,12.974301633930462,77.60217859876549,9,3,2.53,8.6
12.958299303290364,77.57878271361338,12.977057209981746,77.60285902905947,17,6,3.34,5.0
12.953678851346059,77.59625185341204,12.979962420778037,77.60943876494984,6,4,3.25,7.04
12.965178007701713,77.60719300454986,12.954804593855387,77.61039266624242,1,5,1.2,5.0
12.969692731380732,77.60034310780786,12.972656106437444,77.60386358087021,12,3,0.5,5.0
12.961484129360406,77.58098178720452,12.98647134266369,77.58336855949432,14,6,2.79,9.29
12.958884716627548,77.6061879402857,12.977948311020036,77.59452782865813,9,1,2.47,5.12
12.960738189653252,77.61445335664227,12.990591726485873,77.60061302745387,8,3,3.64,6.11
12.954487936359168,77.57582610008824,12.961907315540449,77.59310491826957,15,5,2.05,5.0
12.981308260848,77.59161973337793,12.965437399701878,77.58944155051938,12,0,1.78,7.66
12.986281259844898,77.5977470163429,12.969144616767585,77.6036103064166,4,3,2.01,5.0
12.987628074560451,77.59146883707494,12.962673111889403,77.59829401314373,15,1,2.87,10.24
12.97651866334254,77.5998624088037,12.980924520896611,77.57986270740508,10,5,2.22,5.0
12.95878732435481,77.58410173299696,12.990455803761666,77.58183907810837,8,1,3.53,9.92
12.961489242976128,77.6094299960509,12.969412210200106,77.59519269415719,7,1,1.78,5.0
12.958140954903401,77.59024326146607,12.990376492893413,77.58492533730805,21,6,3.63,10.35
12.982538925027464,77.57983494642873,12.990392841803143,77.59275158165535,11,6,1.65,5.0
12.958390316203502,77.59539095794224,12.965080127057252,77.6077553346353,6,2,1.53,5.0
12.976285799464161,77.60287108867541,12.958281676316039,77.58130476865153,0,6,3.08,5.0
12.978152181104873,77.59358523502999,12.985366817958768,77.60682680611801,7,2,1.64,5.0
12.959833648401471,77.5790767847759,12.96238998446068,77.57688347424357,6,3,0.37,5.0
12.95317374162674,77.5794843965604,12.969687961131338,77.61195500070112,22,6,3.97,8.07
12.953262914362016,77.58053372803849,12.991065204918355,77.61320474785744,16,2,5.5,6.79
12.97716479751262,77.6093167317808,12.969789594225356,77.59522384114317,6,3,1.73,5.0
12.957186050190254,77.5757989435949,12.963917197663648,77.60278723050946,8,5,3.02,5.09
12.990396481844291,77.57835602863157,12.978504084729005,77.59235000877219,21,6,2.01,7.22
12.979305038089047,77.60812461158592,12.989384568778961,77.60192992113159,17,0,1.31,5.0
12.986356199379149,77.59742438986555,12.952815482387875,77.61183794782028,18,3,4.04,9.28
12.96022700609591,77.6009554188093,12.967354576226167,77.60064931908165,19,4,0.79,5.0
12.991576549030826,77.57652848155442,12.990686967368854,77.59087631842891,9,3,1.56,5.0
12.974280650439468,77.60413796837005,12.986740622452054,77.59076561286604,4,0,2.0,5.0
12.983913837677651,77.60509140539106,12.983512545954346,77.59202333259252,7,3,1.42,5.21
12.973379563918435,77.57483034641993,12.964583433196012,77.58925846139485,10,0,1.84,5.0
12.967142324050814,77.5925477449049,12.961101765234973,77.58953007166518,22,2,0.75,5.0
12.975737943735256,77.6013285119422,12.976379613840384,77.59313976175203,5,5,0.89,5.0
12.972363271405449,77.5937672751052,12.952625682632258,77.58824991310505,19,2,2.27,5.2
12.974806894769094,77.59594410186908,12.975916203711739,77.60519533046168,18,5,1.01,5.0
12.989820947838197,77.57532930330706,12.959431119427343,77.57490251499912,17,3,3.38,6.69
12.961339291863052,77.61168138179185,12.954010695611583,77.61197744107223,19,1,0.82,5.0
12.971034870367454,77.58487106270881,12.962994916078477,77.58689159859705,8,3,0.92,5.0
12.96405230796624,77.59901335133243,12.980246026968928,77.58550496002934,5,0,2.32,6.76
12.958845973981388,77.6018447141586,12.958857533907825,77.59560653534668,2,3,0.68,5.0
12.974292488785157,77.58486251134805,12.990117075009504,77.5939418258688,10,4,2.02,5.32
12.953336501314194,77.59992605502376,12.989656133688266,77.59866447280585,3,1,4.04,8.84
12.960723190877959,77.58308179359634,12.97603923955404,77.59104113879226,2,0,1.91,5.0
12.965736855172109,77.58407482235899,12.982821020609755,77.58559224142192,21,1,1.91,5.53
12.978301995971659,77.57842141255338,12.976554372987064,77.5926707071495,1,2,1.56,5.0
12.981074949797767,77.60911188310173,12.960269592003632,77.57842858222081,12,3,4.05,6.04
12.975883761443551,77.59646789650856,12.96087788384464,77.59023623983622,20,1,1.8,5.0
12.991111420808595,77.58005759010227,12.979405782161905,77.59077275072417,1,3,1.74,5.0
12.979297446052975,77.61425023974809,12.956735771578165,77.57876438597536,6,2,4.59,11.41
12.962566426662393,77.57777677475956,12.955026329983857,77.61036763498656,16,4,3.63,7.69
12.96066625608908,77.58879985223328,12.954376953709843,77.59536239163633,0,0,1.0,5.0
12.960948483276418,77.59620047658419,12.98680316350246,77.60063509476188,10,4,2.91,7.75
12.96492007652233,77.60137947820793,12.991365574448848,77.60107356759397,18,5,2.94,6.07
12.97020822449135,77.57700569370404,12.974091872635118,77.61290501138022,13,2,3.91,6.41
12.959637347546362,77.59603310737893,12.955467057985869,77.59261483745033,1,6,0.59,5.0
12.978196468979489,77.6064179984316,12.988687112779179,77.58398568327422,22,6,2.7,7.58
12.991299340086336,77.61168003871697,12.973198285211224,77.60828133177506,4,0,2.05,5.0
12.95516497728464,77.60481081681988,12.95670853934541,77.6076427052101,7,1,0.35,5.0
12.95304641522099,77.58672513423781,12.962124502796435,77.58900545629886,4,1,1.04,5.0
12.973752089628496,77.58682097242632,12.967479260682971,77.59248810162019,9,5,0.93,5.0
12.988375678928577,77.59447853931623,12.991286320592932,77.6086569983098,16,3,1.57,5.0
12.95625465591542,77.60729798833965,12.966824931739064,77.6097189728178,6,0,1.2,5.0
12.983201217452283,77.58678716556392,12.95483677132205,77.59071920715061,5,2,3.18,5.19
12.965443989061512,77.6136244080344,12.977238883093813,77.60749922254537,17,4,1.47,5.0
12.988510287620537,77.59408247675276,12.97585011751004,77.60519239203612,20,6,1.85,5.0
12.967546521110894,77.58045495968649,12.966301376891662,77.57732689237542,23,0,0.37,5.0
12.990124604463567,77.5965811814358,12.99023288644613,77.59189991513321,5,3,0.51,5.0
12.969180467545318,77.57882658737047,12.977233052587609,77.58324152730039,10,6,1.02,5.0
12.957680994125147,77.57705398508443,12.982830463442738,77.59299201695077,11,4,3.29,5.0
12.953911222439855,77.60240140915434,12.990947157010536,77.58416720416864,2,3,4.57,10.99
12.963731005902705,77.57864183244043,12.979286453667767,77.5770916719252,13,1,1.74,5.0
12.984158810780242,77.59920877752924,12.963850144831465,77.59955583345166,21,3,2.26,5.55
12.956828415069609,77.61006416860963,12.969591385952853,77.58238490047283,6,3,3.32,7.44
12.984701515822675,77.60394457522246,12.982372195745654,77.57504125057714,18,0,3.14,6.95
12.952367691072922,77.5849925283498,12.982011592924886,77.58008438822915,15,4,3.34,9.68
12.952084830985756,77.58424805830398,12.990634950196403,77.60666148447532,17,5,4.93,14.62
12.9559894479471,77.59651837955894,12.969775093382399,77.60837428330959,10,2,2.0,5.0
12.95760194658776,77.58758703707561,12.981094283095512,77.59364072517475,0,6,2.69,6.16
12.96997787073624,77.60600066175348,12.98728338755761,77.61281338746015,11,3,2.06,6.35
12.979125388243462,77.59210412496222,12.961786824881843,77.60823486317703,18,4,2.6,5.0
12.97005909858499,77.60008805907233,12.977974156888232,77.61040470962826,12,2,1.42,5.0
12.954266081622428,77.5953363208778,12.957606760032682,77.60409735074886,5,4,1.02,5.0
12.953266916024095,77.57799168064183,12.980252935522508,77.57748337343995,20,1,3.0,7.56
12.98986005593198,77.60410033437836,12.965730056340083,77.5864614232515,20,1,3.29,5.82
12.978054824442816,77.5820078227147,12.958564373413363,77.57853582598854,23,3,2.2,5.0
12.962201857133001,77.57543779844124,12.954886866699058,77.61331440139381,19,0,4.18,7.14
12.976586542754172,77.58987758558611,12.959827490487823,77.57945545672638,11,1,2.18,5.0
12.977356170141645,77.59581208532997,12.953278048937266,77.61333955110378,11,6,3.28,10.35
12.990798813174354,77.59867526358545,12.97489690632829,77.60452292717719,12,5,1.88,5.0
12.95672382985465,77.58813070023977,12.988723345613042,77.58358462447376,1,0,3.59,7.98
12.969176199587778,77.59911758329979,12.98932303350979,77.5842277084733,13,0,2.76,6.12
12.987076996008371,77.60043243250621,12.963036271569568,77.60723787755875,23,4,2.77,6.32
12.988357061345583,77.58468964080693,12.981801677149852,77.59302157989096,16,5,1.16,5.0
12.982657897859989,77.60084647350725,12.95869715077879,77.59640107675588,20,3,2.71,6.24
12.953326949431881,77.58119259262918,12.956869150938182,77.60363919639941,12,4,2.46,8.36
12.971834107718074,77.60822812112045,12.98091206179065,77.59628948821967,21,0,1.64,5.0
12.963501938052753,77.59720087971436,12.979155412082005,77.60953291663444,13,6,2.19,5.0
12.958002865398184,77.59306229897679,12.951973264793084,77.58446715458086,9,3,1.15,5.0
12.955567123983489,77.59065977263445,12.983602838747967,77.58276142538516,7,5,3.23,6.65
12.976239418010408,77.58212098938462,12.96581538274743,77.60595167137942,22,1,2.83,10.03
12.982039630401124,77.57601245419761,12.98142935130925,77.5826992224066,5,5,0.73,5.0
12.964677264653524,77.5805555220133,12.96382416861961,77.60966603047312,1,3,3.16,10.36
12.969544425238182,77.6034828375281,12.987047831218604,77.59832177336747,14,3,2.03,5.0
12.979424725859873,77.57472873054417,12.976383573498394,77.58881972041766,21,2,1.56,5.82
12.975128090677936,77.59383891559544,12.977293021036209,77.57719414377932,19,4,1.82,5.0
12.974026403776648,77.59873950666386,12.978658717489054,77.60679955998724,17,4,1.01,5.0
12.971530227290538,77.57768233116538,12.95394203716976,77.58796953274785,6,4,2.25,5.34
12.983144598586897,77.59529076225766,12.96920795991822,77.58049810106826,22,2,2.23,5.0
12.955144017187186,77.58342447810845,12.97552901176255,77.60402652456956,17,0,3.18,7.4
12.977302607981407,77.59144992213176,12.977047094588329,77.60602606472321,13,4,1.58,5.0
12.985192091425425,77.58995331807732,12.974474890849088,77.59811077443449,4,6,1.48,5.0
12.964980451549678,77.57564786834128,12.952567670555654,77.60786788174703,17,5,3.75,7.35
12.963549022943551,77.61222716980461,12.961971870354631,77.59178627250955,23,6,2.22,5.11
12.959044056713852,77.60670573239183,12.969927475469516,77.59391875488342,7,4,1.84,5.0
12.980717572278952,77.59445844609421,12.969074028104608,77.60378032914609,4,5,1.64,5.68
12.976009005979106,77.58001416329111,12.981655003441162,77.60087820625068,14,1,2.35,9.68
12.95388218884605,77.58588748298773,12.962068227349437,77.58447915196288,5,4,0.92,5.0
12.962477989045146,77.60497593049672,12.969589593698021,77.60566842227821,17,3,0.79,5.0
12.952944544007332,77.57710612813821,12.987857498133778,77.58016981484471,7,0,3.9,9.71
12.965493733050355,77.6105933338275,12.95247293587102,77.60115158744702,5,2,1.77,5.03
12.989072898481323,77.57669031517145,12.968351732762967,77.58500631163848,15,6,2.47,5.0
12.96186120249777,77.60076698405896,12.95952390531039,77.59721321018286,3,2,0.46,5.0
12.97594109090786,77.58858025488347,12.956163831395518,77.5806498731494,0,0,2.36,5.42
12.985624642313645,77.5970489115313,12.972535636454975,77.57919075487477,20,5,2.42,5.91
12.954306734476,77.60291340388919,12.973341528693707,77.57786901382987,13,0,3.44,7.79
12.958230981606532,77.61242792588001,12.985599014859227,77.60136089349317,6,6,3.27,7.81
12.977638938686038,77.59641727477627,12.954090924235276,77.59510010595082,16,2,2.62,7.36
12.953678263102171,77.60605112797536,12.959654551285439,77.58494483339553,0,3,2.38,5.0
12.981870060227546,77.59537543438016,12.959795250966028,77.60971320312608,3,2,2.9,6.6
12.961151848455263,77.59264957376723,12.990999586245636,77.6054804990524,2,5,3.6,8.3
12.970157255072493,77.61096880823446,12.973148071918109,77.59451250032137,23,5,1.81,5.0
12.98448412642401,77.5898168003003,12.982624474037014,77.61317906615604,5,0,2.54,5.0
12.963085518323384,77.60631417676136,12.974703734635247,77.599983296702,0,3,1.46,5.0
12.988203602736283,77.59592115468985,12.957918192913414,77.60243596472675,7,3,3.44,10.62
12.98588717027995,77.61084573019063,12.962676179495112,77.6139408589086,20,5,2.6,5.84
12.958968993569522,77.61035958840031,12.977771702093,77.5806841713289,22,0,3.84,7.89
12.954938563399576,77.60989665473629,12.983744141417661,77.59480827094306,10,0,3.6,11.24
12.99096441276146,77.60131679995214,12.976986850930158,77.58123819581184,17,5,2.67,7.96
12.9580893362313,77.57510430079903,12.973990227345535,77.59569598488491,9,3,2.85,5.89
12.954776263385721,77.60385985961362,12.959096477763904,77.60892708212629,18,1,0.73,5.0
12.980009711944932,77.58717400452736,12.970446715957314,77.60746547590841,5,6,2.44,6.05
12.971368497890012,77.6077299700975,12.965008321894835,77.58155046372543,11,6,2.92,6.24
12.955625499140941,77.58419496451023,12.95727887959044,77.58851765646328,9,4,0.5,5.0
12.977645903395267,77.59943714269913,12.965694997864386,77.60825790212338,11,2,1.64,5.0
12.97696568553183,77.57965058966258,12.978647102483018,77.58760416061727,7,3,0.88,5.0
12.958595257487039,77.60882949035623,12.96068718228094,77.60808164500972,12,1,0.25,5.0
12.979366022940393,77.5951061901258,12.96381242706787,77.58310577505485,5,0,2.16,5.0
12.977726511621253,77.61213219273795,12.986448179290523,77.60524259106141,11,2,1.22,5.0
12.96201147430264,77.61088780122823,12.978429292476234,77.59701762523922,5,5,2.36,5.0
12.970014330848077,77.6091825443809,12.973465928807512,77.58981602195881,1,5,2.13,8.55
12.968501937132478,77.57628098700685,12.981196164830678,77.61132306208796,22,0,4.05,6.51
12.963288729218476,77.61103080646576,12.981758476143872,77.60679627107366,10,1,2.1,5.0
12.980666839682813,77.58679004381544,12.984775786594355,77.5858608479366,14,3,0.47,5.0
12.979747439098432,77.5962279390658,12.955461378807819,77.58427575313036,17,5,2.99,5.0
12.9636506104304,77.5985342993719,12.963489512308346,77.58659676446028,16,0,1.29,5.0
12.98771579980768,77.60869055497565,12.978312187329056,77.5983288628043,5,0,1.53,5.53
12.954758766487634,77.58418040679638,12.983383131148008,77.57598681066906,9,2,3.3,6.0
12.985827843753501,77.59545782756175,12.954145636371466,77.60785494057542,12,5,3.77,12.37
12.955354291392934,77.61098507277747,12.978368010517524,77.60777147197267,0,5,2.58,6.98
12.972297854070202,77.59181709641284,12.964277863511645,77.59198383843434,6,4,0.89,5.0
12.987300931598194,77.59233520057516,12.97588358314875,77.59985230212368,16,0,1.51,5.0
12.961097338734993,77.59509455110184,12.955768992112334,77.5899804531058,16,5,0.81,5.0
12.989621242103448,77.59862604266193,12.981343756647062,77.59485064237981,3,4,1.01,5.0
12.961775663233674,77.58907412372821,12.970499734200262,77.57642594982009,2,2,1.68,5.0
12.990461307636043,77.58785388028411,12.970881642324484,77.58244390850953,17,6,2.25,6.48
12.959879703137538,77.59526290513784,12.951820231966417,77.57490656130597,3,1,2.38,6.57
12.955921030165229,77.58815442597356,12.983703427183192,77.59748194573477,16,0,3.25,8.74
12.988870148777313,77.59048060164949,12.95508371067183,77.59928266064472,7,6,3.88,7.6
12.971896477548713,77.60956890098741,12.971341863213604,77.60269035064127,6,3,0.75,5.0
12.962589261020781,77.5903830430239,12.968473127141554,77.59104084301062,22,4,0.66,5.0
12.975916208563628,77.58697490871451,12.984551615368852,77.6128024204594,1,5,2.96,12.18
12.977056054807337,77.57664541525769,12.961904288813349,77.57698098801391,0,4,1.69,5.0
12.956179505522636,77.5899535553218,12.969849460358223,77.58936212087043,15,2,1.52,5.0
12.981647121912337,77.57744030658132,12.954807200563277,77.58879085167344,14,1,3.23,8.47
12.978746798266902,77.58907679963352,12.975346431648342,77.5750052473611,16,5,1.57,5.0
12.976102938733794,77.60954794373865,12.980558922218645,77.57942233665615,23,5,3.3,13.3
12.97295869890191,77.58028548495174,12.952068264429236,77.5914813704051,14,0,2.62,5.33
12.974687995469383,77.57634956289236,12.95652013180495,77.59694569585801,13,0,3.01,5.43
12.977691665943677,77.6084241745196,12.97929971306677,77.59179724309561,13,3,1.81,5.41
12.963852539951128,77.60615940639683,12.969456780656063,77.60653521362073,17,4,0.62,5.0
12.988265409433648,77.59183940882053,12.964354672732846,77.59788794986376,15,2,2.74,5.44
12.979823434505754,77.60213620073968,12.966582115480806,77.58127440806796,1,5,2.7,7.8
12.987203881407353,77.58843509842951,12.957778389888933,77.57561791039623,0,4,3.55,8.16
12.965224166663251,77.5774684755539,12.96798515579581,77.58704869980254,0,2,1.08,5.0
12.966183749127902,77.5833157021702,12.991121438646225,77.59276006484784,0,1,2.96,9.97
12.971023587986377,77.57570146879478,12.971818204716419,77.61316069628471,13,1,4.06,12.53
12.952838231636774,77.59011947039788,12.958000997458528,77.57553408385313,0,4,1.68,5.0
12.963169790878906,77.61060332732066,12.956245558408021,77.6128367531582,7,1,0.81,5.0
12.97571771505918,77.60766829438965,12.990960526528418,77.58613621751275,18,2,2.88,9.17
12.967020476189477,77.58821548417018,12.973256304293903,77.58076580172714,15,4,1.06,5.0
12.982076072504196,77.6079459984775,12.969217654012498,77.58669332997405,6,2,2.71,6.68
12.95390590328796,77.58829791915339,12.962409907685231,77.61325669543466,23,1,2.87,7.59
12.974818704039748,77.58016786805383,12.969361749968089,77.59964937285685,0,3,2.2,5.37
12.991353935555988,77.60981259048596,12.976536238326378,77.59737509444729,14,1,2.13,6.56
12.967405509730574,77.57617838131564,12.970621841499474,77.59632098335831,18,6,2.21,5.0
12.98797818443749,77.60348572941824,12.972935465150615,77.60939876638591,14,0,1.79,5.0
12.956592832558675,77.60636842650197,12.962630702730054,77.60968362324073,14,5,0.76,5.0
12.970107024202616,77.61383949512651,12.970936297438927,77.60914190090058,23,1,0.52,5.0
12.963031342221035,77.58272892364344,12.982071927655108,77.59006162027292,0,3,2.26,5.26
12.974691161169325,77.60922308582498,12.990829573743337,77.59090336834295,15,1,2.68,6.27
12.974541158058223,77.61284188574447,12.959618980621137,77.57897056841239,10,1,4.03,11.74
12.985478754168282,77.61032360820782,12.954098303744763,77.60993859051945,0,3,3.49,7.72
12.976663700443728,77.6116553042692,12.95236464377719,77.59367373873272,14,6,3.33,7.43
12.979301297261484,77.57997740517632,12.963575823534867,77.58894862101668,13,0,2.0,6.4
12.960028198554689,77.61289792076153,12.951954531404539,77.61451283422728,8,4,0.91,5.0
12.963384775853848,77.57517261110668,12.981114780742463,77.60796578388003,1,1,4.06,14.06
12.98173711689028,77.6053569112843,12.977941620626803,77.60524463731183,6,1,0.42,5.0
12.955144188558787,77.59410511238669,12.954705973386865,77.5909017212413,13,0,0.35,5.0
12.965552821358779,77.57903992395165,12.98392940840037,77.61250752103858,11,5,4.16,5.43
12.97250306397347,77.58658262711816,12.954674483011047,77.59462497072282,8,3,2.17,5.16
12.95360904045856,77.57751607341471,12.967714931305306,77.58641161976192,9,2,1.84,5.0
12.983739309731876,77.61176912214528,12.967804107781102,77.6108444400853,2,5,1.77,5.0
12.96064115991264,77.60021904168704,12.990759244606993,77.59873972384173,8,1,3.35,6.41
12.956516827138616,77.61014636321062,12.971723358031195,77.59257398968158,1,6,2.55,5.69
12.95447103224906,77.60190468884893,12.96127726721262,77.60315810530027,6,6,0.77,5.0
12.973700038696316,77.59540679569243,12.957315038453578,77.60561384601613,17,1,2.13,5.0
12.962970963717101,77.57995313451998,12.97678230787567,77.57677328139292,16,1,1.57,5.0
12.95160538772018,77.59504516556949,12.953474076341104,77.58564678231284,21,2,1.04,5.0
12.985173539694241,77.57475279690634,12.961472954768077,77.60423616224608,15,1,4.14,11.52
12.966009356752018,77.58541573145538,12.985308476086423,77.58713391670341,17,4,2.15,5.0
12.968952696783061,77.61099772575417,12.966692722158529,77.61316313665961,17,5,0.34,5.0
12.971352561618277,77.59010595221822,12.976908475149944,77.60275428366538,0,4,1.5,5.0
12.980121842025373,77.60125541654313,12.990241900205147,77.60504151161003,22,4,1.2,5.0
12.963522088345579,77.57881459689004,12.982872954533798,77.60036596885904,20,1,3.18,5.84
12.989871992619372,77.5946160458284,12.968909165440788,77.59290798420638,5,5,2.34,5.0
12.966392530239487,77.5766942008075,12.982302705140718,77.59126017727615,22,2,2.37,5.29
12.960079762187947,77.60089413928681,12.97049127216652,77.60980626951685,7,4,1.51,5.0
12.97591008489011,77.58641205910287,12.957064036146047,77.6006655904191,10,6,2.6,7.82
12.977393304160893,77.59040523630446,12.980128275331305,77.58256861099576,1,4,0.9,5.0
12.966311439510246,77.57692367808322,12.956060488492852,77.59523447610849,18,1,2.29,5.0
12.952187735546199,77.58976376194688,12.965093821870765,77.57537310523671,20,0,2.12,5.0
12.971314583377898,77.5907715898902,12.972837507136484,77.59840526699622,13,5,0.84,5.0
12.990139969635504,77.59536129120518,12.978701690698358,77.58707455431667,19,0,1.56,5.0
12.972451841906166,77.61364055293117,12.956622008590507,77.57527790659559,16,1,4.51,10.04
12.956408289164823,77.58522331331834,12.952302094534666,77.58633234443123,18,1,0.47,5.0
12.965523823726732,77.58946957179626,12.95165414502862,77.5865920211026,19,3,1.57,5.0
12.985482433079357,77.57554379858583,12.987542424186994,77.60592793653194,9,6,3.3,9.14
12.967520211718181,77.58671662915333,12.954227794358175,77.58372941453975,22,4,1.51,5.0
12.981497776263868,77.59355239313592,12.953913777977887,77.61291159203952,6,5,3.72,9.12
12.99125311606257,77.59637929331201,12.990110734010129,77.57762420162467,19,0,2.04,5.26
12.95943332336537,77.5802321179557,12.97649654566264,77.6058528742299,18,3,3.36,10.6
12.984044950797339,77.60003818828655,12.96712662824508,77.60156521182144,2,0,1.89,5.0
12.98829943372528,77.58622018022686,12.970399530726318,77.61020564549584,19,1,3.27,11.98
12.957492121771159,77.57491366363088,12.976836871609168,77.59250693701641,22,1,2.87,5.0
12.972786388957825,77.58427573176452,12.971624142846188,77.60178481330941,6,2,1.9,5.0
12.98387861963536,77.59298659481611,12.973463085681292,77.59191264008838,18,0,1.16,5.0
12.969421665549676,77.58296741861632,12.953599161146387,77.60834598656207,8,2,3.26,8.12
12.985751396868187,77.58427908521269,12.990025079020528,77.58247702817813,14,2,0.51,5.0
12.980068912229843,77.61384574927168,12.974381591182684,77.58498167132704,22,3,3.19,6.64
12.95452326248108,77.59949373058468,12.990847113470492,77.58220430599135,14,2,4.45,9.48
12.989348063712809,77.61300542417622,12.97245838554886,77.61369231631966,5,6,1.88,6.46
12.970676004258719,77.60333324701487,12.961493612632763,77.60022460734196,23,2,1.08,5.0
12.974203412498111,77.60546507643915,12.971555826581438,77.57508412467105,7,3,3.31,5.89
12.988647762737271,77.58374707118415,12.976974547554867,77.58348303482774,7,3,1.3,5.0
12.980754457690798,77.57841597109253,12.968748080839458,77.57576679054581,3,3,1.37,5.0
12.956340104943926,77.58615539755637,12.967513465020087,77.61138124098625,10,6,3.0,12.89
12.982040316939816,77.5894689626561,12.96729832744918,77.60477059893388,23,2,2.33,5.17
12.974684903441533,77.58888484637203,12.983101963434352,77.5846400553305,2,3,1.04,5.0
12.977865242948315,77.58421595651573,12.959263717829394,77.61132956346702,14,5,3.59,6.24
12.96043411131852,77.57615719853302,12.953040752731658,77.58160887088424,12,4,1.01,5.0
12.989618366823013,77.59786489171957,12.96906456759075,77.59780355338678,18,4,2.29,5.0
12.962899842638915,77.58872201566402,12.98736377210133,77.61245826052601,17,1,3.74,11.27
12.982814620120276,77.59365342933205,12.971501594085845,77.58278720436229,8,1,1.72,5.29
12.964862587962688,77.6088012080648,12.959883032368435,77.57744633140693,15,2,3.44,5.0
12.971876817518474,77.59097648287268,12.984035143240318,77.60803303711641,3,6,2.29,5.0
12.982444912634076,77.60078602747464,12.957663802992004,77.60963532334068,3,2,2.92,8.04
12.968609127417508,77.57610284361596,12.956714672048896,77.60522187002063,18,5,3.42,5.8
12.972500407243423,77.57678537680003,12.990523126518895,77.58364501324999,9,6,2.14,5.0
12.960816666484694,77.57465895288345,12.98077379176352,77.61327381999197,4,0,4.74,8.18
12.98127585307835,77.60853701516362,12.968505167880545,77.58671723622561,8,3,2.76,5.0
12.984271178660226,77.58186455871027,12.96643764032631,77.61067760786996,22,0,3.7,7.63
12.981769930387284,77.59032780804111,12.975225513359787,77.60104057016989,15,4,1.37,5.0
12.979972833138905,77.58129285216005,12.982825268697022,77.59795091122056,22,5,1.83,7.73
12.962213045502219,77.598662155172,12.963462396488238,77.60317696656286,17,4,0.51,5.0
12.972154178568271,77.59495562222364,12.966371230808623,77.61191699450279,3,4,1.95,5.0
12.980173065429401,77.59306864575252,12.988439780843864,77.60238381709013,2,3,1.37,5.0
12.962562863573687,77.60688283615467,12.95940962411826,77.5884136780898,19,6,2.03,5.0
12.985861488949917,77.60264679446361,12.980682270464616,77.5970829117761,4,6,0.83,5.0
12.966820708394796,77.58112141347726,12.983048226090443,77.60397775728302,7,5,3.06,9.59
12.98515989310872,77.57505671933816,12.979747991185162,77.61341028438905,14,0,4.2,11.29
12.979794840401736,77.60728512568062,12.973457212643114,77.61328141101025,10,6,0.96,5.0
12.980338157892902,77.60910561884597,12.958770224476313,77.60660013927054,1,2,2.41,6.15
12.956868601143164,77.60921183035636,12.957890928327188,77.58699151436836,8,6,2.41,5.0
12.978508119768357,77.60646725588765,12.961618715951701,77.59959496398427,3,6,2.02,5.0
12.987843482419251,77.57508627085909,12.978560796762352,77.57667343196479,2,1,1.05,5.0
12.963871063980886,77.5887183401381,12.976451697961984,77.58796199862675,0,6,1.4,5.0
12.954334128012398,77.60595039369936,12.963030332983708,77.59191067518397,18,6,1.8,5.19
12.953863426245869,77.58955684188051,12.989377943307773,77.60026937589194,1,2,4.12,9.61
12.959559685558379,77.59133335456409,12.981637591934533,77.57865491590212,14,5,2.81,6.58
12.968880757103781,77.61381474963768,12.954300101867354,77.59534803977522,23,4,2.58,5.0
12.9561321401891,77.59074404009446,12.981115399393385,77.6027821771211,16,0,3.07,7.49
12.967504495142116,77.58517105052634,12.959813317548273,77.59392158790236,15,2,1.28,5.0
12.977870242538982,77.613341493268,12.975745488022376,77.5776791786826,11,5,3.87,5.08
12.963491631612294,77.5782826794433,12.975561783486016,77.59954595113162,2,6,2.67,7.91
12.95220442736858,77.61320061477818,12.961635721827644,77.60164105152211,22,1,1.63,5.0
12.964116295768546,77.58544385015057,12.975506731308108,77.60924382534446,20,1,2.87,11.4
12.95779314450391,77.61238945035133,12.981061409133392,77.60991975299319,6,1,2.6,5.0
12.9796455837767,77.60180447541788,12.967926067634668,77.57521579566765,23,6,3.16,9.15
12.969610169845716,77.61290324060336,12.967561412705697,77.60819206426658,7,0,0.56,5.0
12.990680278177559,77.57867572403492,12.951932797689087,77.59194331170531,14,0,4.54,6.74
12.988181946553944,77.59196083890835,12.961948465686218,77.59197613276027,1,4,2.92,11.33
12.975178159579388,77.5991316673955,12.977107529875838,77.58428088319924,4,4,1.62,5.8
12.959570813458672,77.60969880186617,12.981148926029062,77.57514982216045,20,6,4.45,10.7
12.962432253121479,77.5845023908112,12.954101051829713,77.59295762066387,23,4,1.3,5.0
12.978514866743923,77.57784596714144,12.989659628407072,77.60813967335372,16,4,3.51,7.87
12.988908420325311,77.59637015864455,12.959611280714705,77.5992713443141,21,6,3.27,7.46
12.972457960966675,77.57733834877334,12.966444517537205,77.61143066433853,20,0,3.75,8.85
12.962354140575288,77.58933795679667,12.987413843566127,77.60125852190107,7,5,3.07,8.56
12.976809888778247,77.58453534434973,12.97981843321134,77.59170405334814,17,3,0.85,5.0
12.989051224858757,77.57716025386435,12.98458972949388,77.58629532441648,15,1,1.11,5.0
12.963641843113374,77.5947052497052,12.953847043093898,77.59424382917533,14,3,1.09,5.0
12.98217762912302,77.59098684213504,12.977806948580975,77.5850094639194,14,1,0.81,5.0
12.954419677825726,77.58202586819606,12.97816877539956,77.60986762447374,4,2,4.01,9.78
12.956017274536444,77.58616749785183,12.963992275012899,77.5845982778559,9,5,0.9,5.0
12.965875439006846,77.58875156634946,12.984742223916244,77.60617171393278,6,6,2.82,5.0
12.9897126006801,77.58766970168121,12.965776997951723,77.59482536613687,11,1,2.77,6.47
12.955702718503344,77.59030922973086,12.973734847589991,77.59472529890206,17,0,2.06,5.0
12.978677631319874,77.60811633499407,12.98595057117398,77.60453423414663,16,3,0.9,5.0
12.95801461624479,77.601545816699,12.958770130229572,77.60235798362041,3,2,0.12,5.0
12.958211379605718,77.57467968540877,12.980349584714142,77.60389604196233,6,6,4.01,12.02
12.954942173500427,77.57536515865749,12.958229927078609,77.61023422139932,20,0,3.8,8.15
12.955813819379253,77.58349445218992,12.972368982831208,77.59891010732383,10,3,2.49,6.85
12.967241314765097,77.58396813483705,12.960382156929192,77.61299451210854,8,5,3.24,7.68
12.968231004140934,77.5917577733372,12.973236200153524,77.60245719228145,20,0,1.29,5.0
12.971604510083065,77.59107832380137,12.986421078650777,77.59985675684874,4,3,1.9,6.0
12.975825515572938,77.57928815622721,12.965088263022631,77.58031367859257,14,1,1.2,5.0
12.967274374927522,77.61042699110475,12.959772655335959,77.59491220255835,3,3,1.88,6.05
12.983310324542913,77.57736183625258,12.970570200839079,77.59702713179756,21,0,2.56,5.64
12.961730895340908,77.57499915106634,12.980537746494196,77.5960262639739,19,6,3.09,7.06
12.985333046711515,77.59400378639918,12.964945135833474,77.60626232810365,22,2,2.63,7.43
12.985798960782459,77.60990239507089,12.970252390245607,77.57762798909239,20,2,3.9,6.95
12.98767096114185,77.5827389096999,12.954278944481011,77.60969401812531,5,0,4.72,9.86
12.99032263248203,77.57726258911657,12.977532720298084,77.577564216903,11,2,1.42,5.0
12.968938889310225,77.61448729415612,12.973962371397864,77.58744648610543,5,1,2.98,6.32
12.966501330950383,77.57734854710895,12.966382967977072,77.59316954078957,21,3,1.71,5.0
12.979950626209167,77.57493454727508,12.960306695983222,77.60106737153599,22,5,3.58,12.15
12.983779785697273,77.60551238293161,12.973536766519743,77.57725853303106,20,5,3.27,8.27
12.982878399086319,77.60466987969583,12.983720082878314,77.59532032265618,16,6,1.02,5.0
12.97641895140208,77.60429012748796,12.95839524024203,77.58239900799602,17,3,3.11,7.58
12.987929139548013,77.60494861284656,12.975486212239613,77.60076530948112,18,4,1.46,5.0
12.976895652973136,77.58085906864014,12.970556848804645,77.60325588447833,9,5,2.53,6.24
12.964153072328978,77.58426002511972,12.960196505481456,77.59159403371473,2,1,0.91,5.0
12.959116815232614,77.57767886677523,12.979446245805518,77.58991195057746,6,1,2.62,6.52
12.983449658021655,77.58547784157673,12.979294356898443,77.58516247938775,16,6,0.46,5.0
12.964580472007015,77.58538047449169,12.959237063402867,77.60238563835576,1,1,1.94,5.0
12.962185401077015,77.60107875779175,12.984197589141623,77.60572100972578,12,1,2.5,8.41
12.955135397879381,77.6025579531395,12.966333888551775,77.59189384905613,4,1,1.7,5.0
12.95294705615498,77.60976743090404,12.961335867328742,77.59689348678292,10,5,1.68,5.0
12.964521093830164,77.6105167674783,12.987124727557362,77.58761162473446,16,2,3.53,7.59
12.984616626564959,77.60839485391021,12.961560349444364,77.5976680959543,18,2,2.81,6.53
12.991555704481332,77.58766556997703,12.981527356481955,77.60686660212107,2,6,2.36,5.0
12.961259859410275,77.5762140330744,12.968047660719783,77.57980322679316,2,6,0.85,5.0
12.98294953004301,77.597247227649,12.964111119568415,77.6007736802197,6,5,2.13,6.06
12.982174135457457,77.59954972339456,12.982092104980039,77.57615752066751,13,1,2.53,6.51
12.974135814028505,77.59958456192459,12.986177329874735,77.59807746026236,9,1,1.35,5.0
12.981869206682743,77.59229175221805,12.979895880001317,77.59016921886767,23,1,0.32,5.0
12.98872728392456,77.61176558080062,12.96527621112422,77.59570709864887,22,5,3.13,5.0
12.990844716314719,77.60058035718829,12.9837765623871,77.60320400645135,21,5,0.84,5.0
12.969790573702108,77.6015914520867,12.978701264555347,77.58952490473689,22,1,1.64,6.15
12.971614377848622,77.60223535906204,12.979485432235673,77.60054555827075,16,4,0.89,5.0
12.977037613073069,77.59857208464558,12.95877424041157,77.60280556582282,9,5,2.08,5.0
12.985094683190807,77.58138913714308,12.952365794719874,77.60576410345583,0,4,4.5,9.74
12.985126198999547,77.60671243739299,12.990036805877153,77.59603740315409,11,6,1.28,5.0
12.957747641713768,77.59750428931528,12.96268050097304,77.61145230048852,9,5,1.61,5.0
12.96579698643508,77.57667957407911,12.95286975061492,77.59153340576613,3,5,2.16,5.0
12.986838920225587,77.60991659266075,12.97796181640529,77.58304927325892,19,1,3.07,6.87
12.959466143398119,77.60409704343083,12.963060781957086,77.60670561249411,15,6,0.49,5.0
12.987494634631638,77.59950522134395,12.990535304766594,77.59320038070106,4,4,0.76,5.0
12.965011162003131,77.57728066151004,12.990613725339163,77.60727895629087,9,6,4.32,9.34
12.955004139444792,77.59002390370053,12.95444139556176,77.583031724062,2,5,0.76,5.0
12.962342486698146,77.57863912427271,12.958299643563764,77.58049102254208,8,5,0.49,5.0
12.990310458610782,77.59218961946031,12.962734739266507,77.60653172788837,18,6,3.44,8.16
12.960900239688314,77.57978715912897,12.961858522440671,77.58881278993896,22,0,0.98,5.0
12.960020277586613,77.60696094561166,12.957476876943351,77.5883058058609,18,4,2.04,7.45
12.954909473424728,77.5939815198032,12.963696780451142,77.59713633457936,23,5,1.04,5.0
12.974827963382172,77.59482035041559,12.957363151440529,77.59955993942116,16,2,2.01,5.0
12.954890892971083,77.59298336228855,12.963858538721713,77.60749524844742,9,6,1.86,5.0
12.969937256965258,77.60360024305197,12.97457150300361,77.60128849348777,8,3,0.57,5.0
12.9641550198689,77.59612090821456,12.985204323137568,77.6141780452386,13,4,3.05,9.49
12.959406660688746,77.59417570149627,12.981265658073442,77.59430276283013,18,3,2.43,5.0
12.966056151162688,77.60899178699246,12.967872192038069,77.58772932422713,6,3,2.31,5.0
12.95664008111456,77.58245676863488,12.989657793026524,77.58161966509526,8,6,3.67,8.35
12.971184978482011,77.60038980994307,12.960793069031904,77.59670649071107,11,6,1.22,5.0
12.957248941734926,77.59743509667358,12.959010814215333,77.5857457225246,4,1,1.28,5.0
12.984628438062428,77.58602830270644,12.988684951274578,77.61339706101381,23,4,3.0,9.45
12.966581929735185,77.60650929053392,12.966295629147883,77.57808068873211,17,1,3.08,5.96
12.98343705548574,77.58160492560522,12.9785105845765,77.58342017053742,14,0,0.58,5.0
12.96158675810961,77.58512989386072,12.951626135630452,77.60942676136501,7,4,2.86,7.13
12.981610630557554,77.58068194269698,12.969932943783503,77.58864877549395,20,0,1.56,5.0
12.988429586013705,77.57620236476203,12.963258436539752,77.58290163744823,20,1,2.89,5.0
12.970322762169372,77.59325197651759,12.982023025698211,77.58077968816019,4,3,1.88,5.0
12.975476427621867,77.61458230813001,12.982377955763281,77.5905146281207,9,0,2.72,9.61
12.95281854745236,77.58277793489857,12.965216462244571,77.59502323029838,6,0,1.91,5.0
12.97199416038202,77.59465102578503,12.95360972039292,77.57599646210625,6,5,2.87,7.11
12.985167215799212,77.58102718338847,12.952598866484683,77.5925615507172,1,0,3.83,10.58
12.980583931473905,77.57906371999829,12.975932780000312,77.58584199000667,20,5,0.9,5.0
12.98365783104892,77.59028374307618,12.981630785968443,77.57961945187196,20,2,1.18,5.0
12.978695725195555,77.59723126219365,12.988765788688468,77.59009290071901,5,6,1.36,5.0
12.984674342438911,77.59558942550646,12.982609762073398,77.58397702400046,18,4,1.28,5.0
12.990059692982966,77.60131471626804,12.988928203510373,77.58521985629716,1,2,1.75,5.0
12.964301988010304,77.60852436940063,12.98948645851601,77.60999420470785,19,0,2.8,8.68
12.962864641684225,77.61313441281784,12.952011379837428,77.60324199892969,11,5,1.61,5.0
12.991204353843475,77.58707517743055,12.96519887455173,77.57775757611786,13,2,3.06,8.09
12.965335468087106,77.60798287161022,12.9890193805411,77.5820293228802,13,1,3.85,6.36
12.954072338427569,77.57829442112445,12.95811163956825,77.59840851336507,8,4,2.23,5.0
12.969468581090341,77.594660718414,12.961466344632218,77.59343841009739,1,2,0.9,5.0
12.981754723308397,77.59771564450776,12.987774390999755,77.60729631389225,4,2,1.24,5.0
12.951875118488786,77.58309789108782,12.97814094375654,77.5910478995553,8,0,3.05,5.24
12.987422513925274,77.61096701056215,12.964155123060602,77.60224223250957,17,4,2.75,6.87
12.958985298293895,77.58828430483454,12.968798304791193,77.6078379668422,15,3,2.38,5.0
12.972858196567573,77.58611781370703,12.971312783381313,77.58659768279108,18,2,0.18,5.0
12.958176221163155,77.57926332298223,12.973467827282885,77.61069652133145,15,3,3.81,6.86
12.97794645419759,77.61186219657237,12.984439240691966,77.59726421035622,2,2,1.74,5.0
12.967580751383478,77.58767178823432,12.952032443345407,77.60766204296766,7,2,2.77,10.24
12.97467429524531,77.59315926792668,12.956348363820364,77.61382272908243,4,0,3.03,8.09
12.975393895180076,77.60415466708533,12.952897737841887,77.60094870554909,17,2,2.53,8.05
12.958500955077856,77.59731897189265,12.963454304540532,77.61213262914605,3,4,1.7,5.0
12.961986833558017,77.61338894531193,12.968849354791663,77.58850075181255,16,3,2.8,6.67
12.979280450237866,77.59291715977736,12.960660865041445,77.59915881225301,17,1,2.18,5.0
12.965968349879308,77.60754208906447,12.984427846430671,77.5936940159249,22,6,2.54,5.85
12.98382858102673,77.5877271793119,12.959962374948274,77.57798753367501,10,6,2.86,6.51
12.985236348416116,77.58344954785784,12.966839650946737,77.60693622955574,16,3,3.27,9.74
12.969964960931467,77.58673143563396,12.988902195136774,77.57934575062966,22,0,2.25,5.83
12.97286288610747,77.57590636243138,12.970623847672881,77.5909099242001,1,3,1.64,5.0
12.990446036294731,77.59708755244259,12.980190131057759,77.57733801810264,19,4,2.42,7.12
12.976111833421461,77.61213928632857,12.978071109298867,77.57767212193258,14,4,3.74,7.59
12.967728310245331,77.607945760419,12.9841868401884,77.59907324080413,17,4,2.07,5.24
12.955834972728526,77.58879590733946,12.96812690068831,77.60163291700417,2,2,1.95,6.89
12.967410372617246,77.5818711546887,12.957872508212672,77.60769208598948,5,0,2.99,5.25
12.958328146230661,77.60977320862713,12.973881620531001,77.58385522545507,9,1,3.3,6.58
12.989924720356777,77.58341784016982,12.987047270885174,77.6119721645667,20,0,3.11,8.22
12.97679282617739,77.59072842532736,12.981695915292152,77.59585176073404,20,3,0.78,5.0
12.980859858561725,77.60757886070418,12.957457450264114,77.60791718862296,1,5,2.6,5.0
12.968852068253641,77.58976161941533,12.988202429300689,77.58464677070194,13,4,2.22,6.25
12.97216381770205,77.58693873125958,12.974521688024762,77.58760844785105,18,3,0.27,5.0
12.951855161736264,77.61373419148228,12.99022988839279,77.5904062118989,1,0,4.96,14.48
12.97844372628344,77.60681720172184,12.98947024978769,77.59060849103399,22,3,2.14,6.84
12.991213292151746,77.57563078395057,12.975741152260046,77.60098023926605,0,3,3.24,11.12
12.989141191338925,77.58184733116201,12.976510136129594,77.58350704316493,11,4,1.42,5.0
12.968287736742584,77.58100902403906,12.958437456096835,77.59132579152651,15,2,1.57,5.0
12.954965106490375,77.59032415630237,12.955609822548915,77.5752636992253,5,3,1.63,5.0
12.958120764552596,77.58395251332372,12.952548310145781,77.60799788822777,0,5,2.68,10.49
12.960859008550612,77.60933638095787,12.988658551918247,77.59138509531228,17,4,3.65,8.81
12.97455799464276,77.59031580435573,12.952746097103107,77.5979300956925,6,1,2.56,5.0
12.963857312908136,77.57621032012037,12.975134088839326,77.59050737657732,1,1,1.99,5.74
12.962609567241481,77.60297755458537,12.96245968010171,77.6107697316563,8,2,0.84,5.0
12.95362292415297,77.59164484951809,12.98489454158644,77.60682595221454,23,2,3.85,9.01
12.98429221248853,77.61181593680678,12.955414436850921,77.59260234557705,1,5,3.83,6.36
12.9549409965872,77.58304503770232,12.98169873350346,77.57665175395925,9,6,3.05,7.28
12.964976047159551,77.59038289261275,12.97279762347721,77.58105469433553,12,5,1.33,5.0
12.982006437191608,77.58075599618775,12.957569978789659,77.5853269747098,6,3,2.76,6.19
12.978787888673335,77.57686721728663,12.952986908169043,77.59027642251776,8,4,3.22,10.41
12.977260179250251,77.58499312551761,12.98704344435254,77.61042759777067,20,0,2.96,7.29
12.96805215888265,77.5842212634072,12.978495353731669,77.60764258738193,6,1,2.79,5.83
12.9674796864883,77.58085267882835,12.981118037895904,77.58901898020567,7,3,1.76,5.26
12.954849185392268,77.61430327181951,12.957848060317225,77.61413683975854,15,5,0.33,5.0
12.97797691848328,77.59771228201004,12.986244061815114,77.58617758086478,17,2,1.55,5.0
12.96804761903478,77.59169945816362,12.964811386700084,77.59716927266739,2,2,0.69,5.0
12.988977321550138,77.60216350614994,12.984530928507201,77.5968476277052,8,1,0.76,5.0
12.984335216991182,77.57620555436341,12.987196535054515,77.61427850988954,15,5,4.14,10.32
12.982214534554322,77.58472105363681,12.986222495326889,77.5787137036863,13,6,0.79,5.0
12.9785535559308,77.60847548897716,12.964573175094062,77.60165934998082,15,4,1.72,5.0
12.97890129838151,77.59761436692516,12.968762494772108,77.58563690777522,23,0,1.72,5.63
12.979294172246178,77.58393331290597,12.976613206798179,77.60448313068517,22,0,2.25,6.06
12.956838949719767,77.59883987869084,12.98557785624903,77.57639987284942,11,2,4.02,11.8
12.970741134796782,77.61175438199382,12.964878860189435,77.59321347735758,1,5,2.11,5.0
12.961943663645393,77.57571408963284,12.97685501304193,77.59165593427207,4,5,2.39,7.24
12.963437281177464,77.60115297899411,12.990212108945217,77.57661667094409,2,1,3.99,10.81
12.974156782670226,77.59461114140831,12.954375763436168,77.57819507406944,18,1,2.83,7.73
12.988290722663107,77.59086362149438,12.957331258348106,77.60318875334008,13,6,3.69,7.3
12.979513311420208,77.61061056444808,12.983287647792068,77.6016544427149,18,5,1.06,5.0
12.963432963899862,77.57464448376784,12.962478182375929,77.58331565518507,20,1,0.95,5.0
12.97533845530819,77.57524973772838,12.980751122178026,77.58754121649942,14,0,1.46,5.0
12.965309237017117,77.57998305068416,12.95537675590642,77.60786073332449,19,1,3.22,8.44
12.95573736459442,77.59068108867552,12.980757568004206,77.6057928353604,23,0,3.23,8.55
12.980085481835225,77.58886384703945,12.96177925326473,77.57511589879158,15,2,2.52,5.0
12.989905265850904,77.59722979802453,12.972178453109596,77.57800225541956,1,3,2.87,7.38
12.975885411235344,77.59014905391506,12.961211964938014,77.57839861100913,13,0,2.07,5.78
12.95867587803296,77.61409344634318,12.969364142276266,77.5958748706602,13,5,2.3,5.0
12.974908577973787,77.60709895284177,12.964677640973468,77.5868297582979,16,1,2.47,5.0
12.978887667570204,77.58720957738598,12.956928396965466,77.59989585025862,11,2,2.8,5.0
12.979336885122253,77.60262445985578,12.981738884426385,77.60951437686262,10,3,0.79,5.0
12.976366909414635,77.5820655975919,12.952627585794776,77.58598165542708,13,4,2.67,5.51
12.985598373220128,77.58244982866825,12.95662199159594,77.61313919789897,23,1,4.63,8.23
12.975022549151733,77.59625497683629,12.955041286281318,77.57688107656014,10,0,3.06,5.05
12.973373795505374,77.58394963168146,12.977110965673823,77.60740270008223,19,0,2.58,5.0
12.979172416484108,77.58469247708278,12.963910836211726,77.59914551611958,23,5,2.31,5.47
12.974925208763985,77.60380886871029,12.966192898808313,77.60023862112395,3,6,1.05,5.0
12.979669530955091,77.59685858549395,12.965944863278144,77.61105356760315,18,3,2.17,5.0
12.953875255911106,77.60526109264886,12.979684298164551,77.58785408874945,13,5,3.43,9.4
12.981850151656898,77.59276734650946,12.968091189113267,77.61198919661953,7,4,2.58,6.75
12.974981724530378,77.61337287249137,12.966713568549087,77.57708147054515,10,3,4.04,8.35
12.958076920265288,77.60092408872227,12.991509975560408,77.59266957903925,2,5,3.82,8.59
12.95620584713581,77.60993094405706,12.968193026220854,77.59009097645699,5,1,2.53,6.64
12.977529338752314,77.57705785160523,12.98414893374889,77.61222015811518,10,6,3.88,7.47
12.9576572925748,77.59369664757921,12.975672269357819,77.59786946589685,13,1,2.05,5.0
12.956672960902017,77.5902696980225,12.95810643260422,77.60397462705969,18,2,1.49,5.0
12.97369464551269,77.59840918930878,12.986476522451222,77.5976792644967,13,1,1.42,5.0
12.973211155727498,77.57777121138525,12.97423402241253,77.61092074181687,0,0,3.59,8.96
12.957338778280722,77.58065782087742,12.968910859373674,77.59842719296645,14,5,2.32,5.0
12.981805344697808,77.59806495673135,12.984737546837561,77.57780747027249,16,2,2.22,5.0
12.984746116244732,77.60593878240196,12.962682769988536,77.61223520678237,7,6,2.55,5.0
12.990437609984186,77.58168614092891,12.980482642568152,77.57621142075112,20,3,1.26,5.0
12.974825809036385,77.61203748992995,12.978490027491768,77.59385111804878,12,2,2.01,5.0
12.952482645947292,77.61390085089025,12.955045285562548,77.60717547117075,16,4,0.78,5.0
12.969194225588554,77.60035826317791,12.96683807380094,77.57678261633131,2,0,2.57,5.0
12.96692861463789,77.58325331110524,12.969303093837313,77.57653450844195,6,6,0.77,5.0
12.975120018537186,77.58872411555754,12.983591334577833,77.59678748099154,7,0,1.28,5.0
12.982976218928512,77.59854251972871,12.968165642728627,77.61291783439705,13,0,2.27,5.0
12.96041950557659,77.59962603157709,12.974464305979318,77.58199353591787,14,5,2.47,5.0
12.982147690774013,77.59553605483688,12.960670905012787,77.60126087906772,0,6,2.47,5.0
12.958134670335937,77.58197836204239,12.959691757966329,77.59006828228176,13,5,0.89,5.0
12.972068297884588,77.59393177139866,12.966911364016122,77.60816586432283,3,5,1.65,5.0
12.954081656678262,77.57744622715512,12.974554633987085,77.59724073699552,9,1,3.13,8.52
12.989991640816195,77.576547793936,12.95552030739123,77.57636263446281,1,0,3.83,6.94
12.977422887257097,77.57642340631794,12.989438835593825,77.60828661506602,10,2,3.7,10.39
12.958395482928763,77.5796777765502,12.956531351171959,77.59534246754663,6,5,1.71,5.0
12.991180213335374,77.60197256995701,12.98955922668188,77.58030226220133,9,0,2.35,5.0
12.95467032247555,77.57476749774511,12.978417373351878,77.60027278067206,8,2,3.82,8.37
12.968217720023684,77.57556020179379,12.9650148642487,77.58168329021589,16,3,0.75,5.0
12.975574389001688,77.60374625136946,12.964214549730645,77.59032588517977,18,1,1.93,5.09
12.958761265497664,77.60650056181186,12.978701832207351,77.59647715503942,4,5,2.47,5.0
12.954509397911147,77.58582403252952,12.965597514142829,77.60589703248851,2,4,2.5,9.04
12.986572293365484,77.60782491041728,12.96058629590567,77.59057330320798,3,1,3.44,5.67
12.958835676055156,77.60656631884419,12.964967708566926,77.60383481383104,18,4,0.74,5.0
12.984904470933046,77.60676662259935,12.98625692734159,77.57698469301378,18,2,3.23,10.92
12.968232742720737,77.59654353660218,12.967709579389874,77.59538446703212,20,5,0.14,5.0
12.978618241813457,77.59044003865543,12.956920391956293,77.58094947053497,14,3,2.62,6.13
12.987881678416601,77.61426131103309,12.95993261560034,77.58881757349457,17,4,4.15,10.65
12.968335581335134,77.58891244997342,12.97535122527774,77.5976237371456,4,1,1.22,5.0
12.973738871048395,77.59741147754926,12.960004287716494,77.6042908556901,2,0,1.7,5.0
12.982808505941426,77.59715571684221,12.962046497300435,77.60239812477373,0,4,2.38,5.0
12.981001007447594,77.59900431688145,12.971127107012434,77.5799272850267,18,0,2.34,5.0
12.975571971480257,77.59514831420861,12.963127381038381,77.57485857431159,9,3,2.6,6.96
12.980984332028422,77.57555785061082,12.974993112452232,77.61225896950025,9,6,4.03,7.58
12.955256879672685,77.59962727649045,12.97362126722385,77.59089462096851,7,6,2.25,5.0
12.959451772092443,77.57550258046821,12.986066595387964,77.59768468329551,20,6,3.81,10.2
12.984006443598389,77.59178693453421,12.98159439725153,77.6111216586756,9,6,2.11,6.44
12.962351904601208,77.5825457830759,12.961474281103829,77.58685661797404,22,5,0.48,5.0
12.968659989889675,77.59921683119283,12.954862997024454,77.57811152948233,11,3,2.75,5.01
12.960159787147933,77.5859313761397,12.96761251344692,77.60707464496042,14,2,2.44,5.0
12.978355061241627,77.60654623121427,12.988910117562414,77.57540551395797,10,3,3.57,5.16
12.96994074248748,77.59718362555734,12.978121088148926,77.60176266417983,23,4,1.04,5.0
12.980406298437238,77.5860888483682,12.986790096091774,77.57656883658163,21,5,1.25,5.0
12.961847660577575,77.58342604238487,12.95712501172561,77.60896447030588,13,1,2.82,5.8
12.961162655363001,77.60492161684044,12.982000221798485,77.58710392099633,5,0,3.02,8.13
12.990662440932917,77.60042410308233,12.988981755228622,77.58673542174516,11,4,1.49,5.0
12.979266226074662,77.61322555901067,12.967342213444253,77.5798286929436,9,3,3.85,8.49
12.974602422938354,77.58287271572533,12.971778237666774,77.58708758946277,17,5,0.55,5.0
12.981408589707634,77.58388898763606,12.967813014425879,77.58536646283966,0,3,1.52,5.0
12.98797010777748,77.58940928742739,12.981651156974952,77.61047981157458,22,1,2.39,8.44
12.989851675260535,77.58966705761718,12.965169626446954,77.57709725309111,10,3,3.06,9.45
12.961541592837097,77.58727770487069,12.983953052939668,77.60961954601584,0,6,3.47,5.67
12.985889237494792,77.60518603801539,12.957467804560608,77.60221291387603,6,5,3.18,8.28
12.964864673964314,77.59462317269724,12.977429001734043,77.59502281634914,7,2,1.4,5.0
12.983695841222145,77.60905672184381,12.957092001308624,77.61269547009594,6,1,2.98,5.55
12.981673005838267,77.60707784938552,12.989429988089038,77.58711678192115,22,1,2.33,8.65
12.979801636254145,77.60427910918055,12.978708929648054,77.58469258944541,2,2,2.13,7.7
12.953745391660833,77.60329859962448,12.97061902860931,77.60856392079835,20,3,1.96,5.38
12.985057687698795,77.5965563852656,12.959167831695614,77.60341535994345,14,1,2.97,6.44
12.970035933528264,77.60774835935273,12.984782508627323,77.60297555287298,14,4,1.72,5.0
12.978440519221317,77.60248096664017,12.966119313616156,77.60977118224628,0,6,1.58,5.58
12.967911121376247,77.61005521447841,12.953487868067896,77.61305666478569,12,0,1.64,5.0
12.962422370259521,77.58455167154956,12.989282328779545,77.58653089816937,2,6,2.99,8.66
12.957170162831389,77.57502861190781,12.97337029348061,77.61363115274196,21,4,4.55,10.66
12.965363664713978,77.59542175349219,12.969226595336972,77.60979658506908,12,1,1.62,5.0
12.957134863788824,77.61390958163642,12.961598915634754,77.57753456269839,2,2,3.97,9.44
12.96820582615971,77.59148768935523,12.983002556841857,77.58242850560399,13,0,1.92,5.0
12.968358790951182,77.59292114466335,12.961865888287445,77.60468457330788,8,0,1.46,5.0
12.97544200463044,77.61442937808205,12.969010491186262,77.61142765603114,20,6,0.79,5.0
12.959769684254738,77.59134780573311,12.960385397143783,77.57460908152873,11,1,1.82,5.0
12.981291689259479,77.58131258382583,12.9564145430484,77.57730418997889,14,2,2.8,5.69
12.968821432836522,77.57936562687985,12.972095712829285,77.58855327629834,7,6,1.06,5.0
12.980348724530488,77.57902414395492,12.95302360923226,77.61437321210742,7,5,4.89,13.4
12.959195013163837,77.57615831385394,12.967272435784688,77.60669607137805,19,4,3.43,7.4
12.978623470942699,77.5949557628028,12.986057827440854,77.60924142700183,9,0,1.75,5.0
12.970029344009667,77.61415362165215,12.970929283035018,77.61407583781553,20,0,0.1,5.0
12.973135799171478,77.61428542557914,12.985901224310078,77.57849467575164,3,4,4.13,11.92
12.951879290475214,77.59073923876107,12.960990176869,77.60735477082082,3,0,2.07,5.0
12.951623917553393,77.58691276600105,12.961246608572312,77.58394269444274,11,1,1.12,5.0
12.973821982795425,77.58625444291351,12.968295791293166,77.58967467521389,13,4,0.72,5.0
12.971318278866235,77.58780623801262,12.955872028160096,77.61273611517528,20,0,3.2,6.23
12.963522648046801,77.58741605144562,12.958171473730896,77.60592645723695,22,1,2.09,5.0
12.956553841068233,77.57742142550372,12.987977180147436,77.58220515065275,9,6,3.53,9.43
12.954714260784352,77.61281792765752,12.961478446679676,77.6089858138141,13,5,0.86,5.0
12.952129152516212,77.59507121826277,12.982377703176862,77.61199182069971,4,2,3.83,9.07
12.987127653986452,77.58256878743349,12.96296737182847,77.58615874099684,3,2,2.71,6.22
12.973382212986188,77.58099519053465,12.97924986655144,77.58130266157218,16,1,0.65,5.0
12.98345762246094,77.60417876932955,12.977421374256421,77.5808309304232,7,5,2.62,8.54
12.966694527071866,77.5911406612116,12.953192457577831,77.5855595239788,1,3,1.62,5.0
12.965693082170102,77.57632400435793,12.958763797573127,77.59028871173734,16,0,1.7,6.53
12.982140633746729,77.57894730157498,12.990850303095652,77.58986465996436,13,1,1.53,5.0
12.976706755086353,77.5822806433896,12.957440840771879,77.61212256558272,7,2,3.88,8.89
12.976617338006664,77.60693072844865,12.954361477476455,77.58799156167562,8,3,3.21,6.01
12.965838310938826,77.58054027126575,12.975458683016543,77.60717535682676,21,4,3.08,8.71
12.959467527892514,77.58409933220678,12.963595903719781,77.60031180282026,20,4,1.82,5.0
12.966100079381262,77.6075599060752,12.959763506446231,77.59336162990073,1,1,1.69,5.85
12.955994524549633,77.60994735870752,12.965317186510369,77.60195480499637,2,4,1.35,5.0
12.96424405246188,77.5768296341435,12.975992510461925,77.58423215264293,18,2,1.53,5.0
12.957486530043798,77.58651908941984,12.955190380022406,77.61103305058745,16,6,2.67,5.0
12.956529898325302,77.58690716357911,12.988642382392731,77.58106778213096,9,0,3.63,13.32
12.981262644338674,77.5964670905959,12.98697914910387,77.59675973022013,14,3,0.64,5.0
12.958249174482066,77.61125956604462,12.964713527954002,77.58948329019852,3,0,2.47,7.36
12.98968249786556,77.60411711075996,12.975497169702937,77.60983580642178,18,4,1.69,5.0
12.970201453368837,77.58367914157886,12.981356207492087,77.61136832124215,16,2,3.25,7.96
12.990062029285504,77.5923940973131,12.971161936017971,77.58866599489367,22,4,2.14,5.88
12.982086983487266,77.60707226873403,12.96527396167669,77.59194777325281,22,6,2.49,7.63
12.983357405338074,77.61223969290297,12.97652841492272,77.60426509149808,18,2,1.15,5.0
12.967402133514272,77.57665053836703,12.96767505084947,77.60155024919136,1,2,2.7,5.16
12.965879297178747,77.59998976564417,12.95905679219416,77.6045747774658,14,4,0.91,5.0
12.963276446939913,77.60454434834327,12.970904049426462,77.58324125761573,14,1,2.46,6.35
12.989885393301593,77.59168420181442,12.97060401362767,77.6105182086474,17,2,2.96,6.07
12.961686915099822,77.59246905874811,12.956537994632415,77.58283920143508,4,3,1.19,5.0
12.990691352927078,77.58429414780547,12.97813242838016,77.60816398795198,23,5,2.94,9.06
12.980724657493447,77.59861005640398,12.980850023573895,77.60538986491429,12,3,0.73,5.0
12.965265644507625,77.60053858227602,12.954337628369705,77.61049589273286,9,6,1.63,5.0
12.984229815225046,77.59849249513323,12.967345420811098,77.59353742637501,11,4,1.95,6.11
12.986385987392488,77.57812537723906,12.982671937488346,77.60850190532219,20,4,3.32,6.45
12.958219990986546,77.60286416515977,12.973013910722466,77.60001293386833,23,2,1.67,5.0
12.953259893020396,77.58748270140782,12.973989786453348,77.60891739655989,12,0,3.27,8.66
12.989724804575767,77.60336980802303,12.988806608114503,77.59570351893089,10,1,0.84,5.0
12.980643394059355,77.57945211992022,12.963711005130879,77.59589883631536,11,1,2.59,5.81
12.958250213213988,77.58978949619286,12.97628776908468,77.61339275458535,6,0,3.25,6.64
12.982088482332568,77.5982686787557,12.959280934765454,77.6012674260757,17,2,2.56,5.92
12.97119143471953,77.59574626415957,12.964977701084724,77.59537250770569,14,5,0.69,5.0
12.959031078187948,77.57799865159558,12.969049841054288,77.60093229758024,7,4,2.72,7.08
12.973926847355617,77.58848009341649,12.988914707605066,77.61150580558414,3,4,3.0,7.81
12.981085296558266,77.57606851773932,12.970590760241747,77.58805293577082,19,6,1.75,7.48
12.973712595028735,77.60422654324266,12.971000719500962,77.5780161212065,22,1,2.86,8.36
12.976167449772761,77.5840643913083,12.970939923404273,77.59176597967833,6,5,1.02,5.0
12.98509890078475,77.58419279808827,12.959398330859946,77.59479645805,15,3,3.08,11.64
12.974672316785531,77.57936841771362,12.953058442033026,77.5767097580865,19,1,2.42,8.99
12.953406054576492,77.59211599548571,12.985359738877682,77.58509633505957,0,0,3.63,11.48
12.969563140565395,77.59770452322549,12.974436282150085,77.58789706768698,16,0,1.19,5.0
12.966271932825851,77.57857978675491,12.982263837788482,77.61325097190992,4,2,4.16,9.89
12.975631685973585,77.60263462788976,12.963008232107217,77.5998308168069,1,0,1.44,5.0
12.981911062415007,77.58587673422389,12.96432158446778,77.61158567164514,3,1,3.4,5.77
12.988112032016314,77.59901452031272,12.973456282968487,77.58458976716918,1,0,2.26,5.0
12.973968725270739,77.59518968775028,12.9555831885416,77.5752411262582,1,6,2.98,9.56
12.97572852248398,77.5777886029275,12.978924571428923,77.61190266834824,11,4,3.71,11.9
12.974868861098939,77.60525388852419,12.967856661462962,77.60979350991767,4,4,0.92,5.0
12.976540212449894,77.57985151888019,12.963987668444208,77.5826717979301,20,4,1.43,5.0
12.9786559347564,77.58663865278527,12.95896179088201,77.60485804351956,14,2,2.95,8.17
12.976264879126612,77.57621335408554,12.96464681016513,77.59334227978364,0,1,2.26,5.0
12.959963894583584,77.57981412520174,12.959741394955476,77.60536244532639,22,5,2.77,5.82
12.952440366279454,77.57597725234294,12.969433021993082,77.60726620972807,14,4,3.88,15.21
12.973134524084042,77.61112918745117,12.967118910175916,77.60778263325713,0,0,0.76,5.0
12.981656932701252,77.61225337571148,12.9786646893421,77.58913615727998,19,1,2.53,8.66
12.964886900882469,77.60263233672006,12.982212651981015,77.61177613935396,1,5,2.17,5.0
12.981141842135878,77.57715178225014,12.967088925648408,77.5859106182824,2,4,1.83,5.0
12.977311096539198,77.60330704631174,12.9906647054926,77.58968807129831,18,3,2.09,5.96
12.9863813468726,77.58182630165246,12.989507447082572,77.58335086833644,11,0,0.38,5.0
12.967350205662617,77.59892845507066,12.969382940042777,77.60429479748359,12,0,0.62,5.0
12.963597175898924,77.59357234659474,12.958320802087707,77.58879189158625,13,4,0.78,5.0
12.974932289927368,77.60997373711885,12.957669716518122,77.59851232053606,8,6,2.29,6.11
12.979643903494571,77.59102926173964,12.971785491519098,77.57489412178218,9,4,1.95,5.0
12.953136035093054,77.5893300042958,12.990761273631668,77.59142946250275,5,5,4.19,7.58
12.98029047503463,77.59788280524496,12.983512187253643,77.60917465065823,1,0,1.27,5.0
12.967042037426074,77.61326824560074,12.979486650171614,77.57792892264833,19,5,4.07,11.58
12.9543501562569,77.59658869020653,12.968286571159028,77.60970997619451,22,1,2.1,5.0
12.973907547647418,77.57678441212853,12.99047381205302,77.59510460976412,15,4,2.71,5.55
12.9859143113407,77.58679612497541,12.959307055859469,77.57976284987724,22,2,3.06,5.19
12.97046505460781,77.58369926414774,12.95824739998439,77.58790917906042,20,5,1.43,5.0
12.991124963038185,77.59400921823061,12.958766556731607,77.61024560367174,18,1,4.01,7.89
12.990948463328367,77.5766070140128,12.955467782391503,77.6034182696585,10,5,4.9,12.38
12.953174475192789,77.57547386847945,12.982579424124792,77.57997733709477,0,2,3.31,6.96
12.968734072022754,77.57568426609345,12.982940060103516,77.57502052898167,18,3,1.58,5.0
12.968913596842288,77.5960216989239,12.970679335704707,77.59016834474494,15,5,0.66,5.0
12.965032654585661,77.59920279016059,12.988676302485835,77.61308233995766,15,5,3.03,7.23
12.962747772637142,77.61295487492761,12.957312572178916,77.59779318304192,20,6,1.75,5.0
12.967798743495049,77.61455171743263,12.953798652273594,77.59774167272815,23,6,2.4,5.34
12.969182517670916,77.59501840525385,12.961951696334582,77.58725828523498,2,6,1.16,5.0
12.990262337575222,77.6123882952669,12.96499513160548,77.59743415745115,15,2,3.24,13.89
12.984027342813505,77.61253478211155,12.955253029373342,77.58105790744132,23,1,4.68,13.44
12.95216786537887,77.58490527995055,12.969597746970756,77.602316356441,1,4,2.7,5.34
12.96310044797535,77.59612880407474,12.972932941914385,77.5908258103779,3,6,1.24,5.0
12.985732687466664,77.59453332113176,12.975729816907362,77.58369044214238,20,0,1.62,5.0
12.972206681135464,77.6142114068234,12.976053666249909,77.58943894850368,15,6,2.72,9.34
12.966980632548252,77.58847835801511,12.968872283804311,77.60587119303715,17,3,1.9,5.0
12.974659556125594,77.5882827773863,12.983999149747339,77.58413158682212,16,3,1.13,5.0
12.962033969838483,77.57496348139804,12.977531901091952,77.5950437528589,9,1,2.78,5.0
12.974447967358516,77.60913726311158,12.957178009448207,77.59736825852518,10,4,2.31,6.15
12.98032056712508,77.5894817427125,12.955297980681483,77.59291601180509,23,3,2.81,5.0
12.961359812094098,77.6132693691014,12.98992552479218,77.58450526572285,23,0,4.45,7.35
12.990264888835846,77.59233756411344,12.964439881825637,77.59564376053007,5,0,2.89,8.74
12.981058926984764,77.57666629428458,12.953571779710577,77.59005150820582,20,2,3.38,8.08
12.971240790506757,77.58742934329246,12.959290316738723,77.58697878196354,21,4,1.33,5.0
12.969388511074333,77.59766179959804,12.990933630736569,77.58426405105743,17,6,2.8,6.25
12.975892976671723,77.57814313358547,12.978674891033103,77.57716378844145,16,3,0.33,5.0
12.960038795624799,77.6082648803017,12.95281415222132,77.60835251454633,9,4,0.8,5.0
12.95695112579976,77.61273228670329,12.954506623503248,77.58256373679744,13,5,3.28,6.34
12.973392043411044,77.5796257396965,12.96318911934953,77.58415007084344,13,3,1.24,5.0
12.979761258103666,77.58329811728869,12.96626715518812,77.59023669707365,11,4,1.68,5.0
12.983605503310084,77.58426635683277,12.954321492563666,77.58727616550883,10,4,3.27,6.43
12.982709116402711,77.60893291755515,12.98539456341642,77.58898702244892,12,6,2.18,6.39
12.954036221729408,77.60266261062412,12.951993102102792,77.59096730349835,14,0,1.29,5.0
12.982249818910416,77.58676378543885,12.984065080577794,77.5863566704202,18,6,0.21,5.0
12.979316809168992,77.61409473889249,12.960606440968638,77.60109271654159,16,6,2.51,5.0
12.957854485665795,77.60467192654347,12.974330744650752,77.58558663479151,22,6,2.76,7.04
12.974772536111539,77.61016002443259,12.97437219937649,77.59986889673306,23,4,1.12,5.0
12.960914342275045,77.59428006917729,12.964009411349789,77.58187054391044,7,2,1.39,5.0
12.961924305726937,77.59315941669762,12.956931370323288,77.61170982932302,16,5,2.09,5.16
12.95584855310354,77.6056350901788,12.983918293124361,77.60531058470858,16,3,3.12,5.01
12.984972991829977,77.59769413604879,12.977456295009125,77.59293453917705,15,1,0.98,5.0
12.977158520878932,77.57785788851565,12.96900058377361,77.5863062039067,21,3,1.29,5.0
12.979265736078933,77.60640046147714,12.958134177989727,77.57877252349408,21,5,3.81,5.49
12.972727570470255,77.5932904398403,12.955868472764095,77.60058224027028,13,0,2.03,5.0
12.976642188359232,77.57761114866607,12.956095881087041,77.57657235948439,21,0,2.29,5.92
12.962001921610097,77.59000232222876,12.989319311362847,77.59901504239127,5,5,3.19,7.75
12.956100125221067,77.60403681625496,12.962603955262365,77.60016431387979,5,4,0.84,5.0
12.962142059179872,77.58576521883097,12.988826890222496,77.57558577618545,9,6,3.17,7.09
12.985055143096416,77.61357757242554,12.990624076766267,77.57721107030265,10,1,3.99,10.0
12.977493685374924,77.5797339970646,12.977607486657826,77.61389930322404,19,6,3.7,11.1
12.953197918931444,77.58909173960001,12.984655612464023,77.6026599640586,2,4,3.79,12.1
12.968675789112933,77.59336099758872,12.988742221315766,77.60024344414329,20,6,2.35,5.0
12.954242212312886,77.61350272942599,12.96600239607723,77.59371469419652,21,3,2.51,5.0
12.978089286333184,77.60321289242117,12.962325729184478,77.58722673924656,15,0,2.46,5.0
12.953191885093426,77.59850729342094,12.986387835394066,77.61023328593159,20,5,3.9,8.94
12.95467876732032,77.60143060101773,12.984450376814914,77.58438620218419,0,4,3.79,6.77
12.986684818706491,77.58432719921056,12.973622825381655,77.58229972602544,19,4,1.47,5.0
12.984420300169285,77.60500139607213,12.953550652752526,77.60834915170841,11,3,3.45,8.54
12.973459054441015,77.57825412970894,12.981865861974097,77.59789740307554,6,2,2.32,5.46
12.958969946062908,77.57688009550208,12.975111937974868,77.60821392710353,9,1,3.84,8.92
12.974510811067478,77.60737982741544,12.964669555622745,77.58858457595231,8,6,2.31,6.63
12.952664334643108,77.60400914072406,12.976625996517658,77.59783023996222,18,1,2.75,6.49
12.959835279527134,77.58869924187773,12.956644405667145,77.57979428053672,7,6,1.03,5.0
12.990109303354446,77.59973388470198,12.958964052934439,77.57882601381796,3,2,4.14,10.77
12.97633140084055,77.6058584835502,12.979731089109299,77.60797833011425,13,2,0.44,5.0
12.985634110292885,77.58604540169833,12.97721789095973,77.58716648255349,23,4,0.94,5.0
12.97479171375332,77.58126014188198,12.980088808207087,77.58163561133675,3,1,0.59,5.0
12.988193397999876,77.58306857488591,12.957369600844725,77.60495907327416,9,1,4.17,7.52
12.957464582286395,77.60043711572092,12.960915165846073,77.58087041714606,21,0,2.15,5.19
12.981793098334494,77.58697850305785,12.969518866255289,77.59081886705322,10,3,1.43,5.0
12.96339268953387,77.58878192835314,12.974183763251613,77.58469290977055,11,3,1.28,5.0
12.987432629262408,77.57873900254586,12.977862508095987,77.61087942073753,21,0,3.64,5.1
12.969715334416621,77.61242860433764,12.978672801745203,77.58666347479495,6,1,2.96,6.36
12.955320696370508,77.58035471865374,12.95578641761386,77.59151774174966,7,6,1.21,5.0
12.956812817326893,77.60033715798069,12.959487319278724,77.57850440152436,5,3,2.38,5.0
12.984458850111048,77.5887625824942,12.977832830693096,77.59609102694672,20,6,1.08,5.0
12.9767493606024,77.5852440547415,12.953160256830513,77.5928226712796,4,6,2.75,7.48
12.984895641668077,77.61426497371845,12.958144648165531,77.60227110556568,0,3,3.25,6.26
12.991024029358112,77.60206714446896,12.961344591679289,77.60654223352522,1,1,3.34,5.0
12.988007844965788,77.58991333579074,12.976825411799323,77.59180570928388,1,2,1.26,5.0
12.982085184818013,77.61204706256666,12.98923003436938,77.581591251395,7,2,3.39,8.28
12.961713496027611,77.57729138451685,12.962319890675376,77.61108832947126,23,6,3.66,7.94
12.961886094044365,77.60337552622299,12.952724860251118,77.58961285383091,18,2,1.81,5.86
12.984520142977878,77.58400125195247,12.977691244512739,77.59080788570301,0,4,1.06,5.0
12.952276511996864,77.61098257709521,12.962385200350688,77.60738708011122,2,5,1.19,5.0
12.962206829647334,77.60111439150539,12.990217945384025,77.61123257392762,15,3,3.3,6.36
12.957029834123997,77.61369752736816,12.99017412936144,77.58114915831517,17,0,5.1,14.04
12.962468703955928,77.6072382315766,12.96673262428661,77.57813587868587,13,6,3.19,5.02
12.976787343810368,77.59124643785624,12.95826154053989,77.61404707189135,18,6,3.22,10.35
12.954402747828848,77.5768650222951,12.956415125980222,77.59783074334457,23,1,2.28,6.64
12.985317819298249,77.59243546479439,12.979943341830714,77.60387490949147,18,6,1.38,5.0
12.977092086261521,77.57742786432738,12.966061607510518,77.59599197865124,0,2,2.36,7.18
12.984242270284573,77.59188269140266,12.983455628904789,77.59841659206481,7,0,0.71,5.0
12.97577217679286,77.59980074722475,12.96829531767202,77.5803724817475,3,3,2.26,5.78
12.986541370569809,77.58405899648955,12.96006026997127,77.60404141601704,4,3,3.65,7.46
12.958100442611899,77.61298982885847,12.98566325600069,77.6091515849186,12,6,3.09,5.71
12.957355046215591,77.57494476010368,12.952398917303121,77.59806406949619,2,0,2.57,5.67
12.95189852561669,77.5915074647863,12.980322726448035,77.5923077480787,2,1,3.16,10.1
12.98412568017927,77.59813724961813,12.960030523977197,77.58406881903416,7,5,3.08,6.26
12.968225111281166,77.5849320171651,12.986280464276424,77.60137073167003,4,2,2.68,6.03
12.959770258717457,77.5996721052026,12.965949700421715,77.61442580706698,16,6,1.74,5.0
12.974234071496427,77.61127024012475,12.98363272399439,77.59264520279191,19,1,2.27,5.6
12.97129468194805,77.58229263091137,12.970157450538196,77.5844327434809,19,2,0.26,5.0
12.989690560581336,77.59592221160379,12.976861775147047,77.59631761777958,5,3,1.43,5.0
12.955565844491105,77.59951816176734,12.969474967808019,77.60571939886283,20,6,1.69,5.0
12.967853289238551,77.61166341532874,12.980016872600498,77.59135694499172,19,0,2.58,8.3
12.990983035855045,77.6012562921878,12.963016162738537,77.59803233576861,22,2,3.13,5.0
12.958591399515335,77.60052121272221,12.961418178501559,77.60330245530594,2,4,0.44,5.0
12.976179978410208,77.61029876375808,12.95474506843959,77.58783659063121,8,1,3.41,5.01
12.967175591186676,77.60390450796962,12.97898900655524,77.5830832494991,11,0,2.61,5.91
12.968045091130376,77.58397300262602,12.952386059309875,77.60977572227229,4,1,3.29,10.87
12.965140275177019,77.57488367251098,12.978810027533216,77.60761759582995,2,1,3.86,9.01
12.983203329998858,77.59925162993416,12.95339442230511,77.59950187961849,21,1,3.31,7.38
12.982389256731876,77.6070374077069,12.967614265073594,77.61248611744026,21,3,1.75,5.0
12.97095509058257,77.61050129306088,12.987910449746007,77.57809667231484,5,4,3.99,9.53
12.983252428572507,77.58263645358743,12.983804768350186,77.6086053093874,22,3,2.81,5.0
12.953594405855966,77.58059637012988,12.973103245522061,77.59763169884489,2,1,2.85,10.52
12.990014670984886,77.57638352370937,12.957322478108937,77.57516058070104,18,2,3.64,6.76
12.97823788664322,77.60750629873921,12.952131248138343,77.59628061193919,10,6,3.15,7.07
12.954488527413409,77.60197741444277,12.971728816594347,77.60520595399446,13,0,1.95,5.8
